Date & Time,prediction
01-11-2014 00:30,0.430664063
01-11-2014 01:00,0.429675293
01-11-2014 01:30,0.350341797
01-11-2014 02:00,0.379296875
01-11-2014 02:30,0.402514648
01-11-2014 03:00,0.406896973
01-11-2014 03:30,0.392749023
01-11-2014 04:00,0.323583984
01-11-2014 04:30,0.369885254
01-11-2014 05:00,0.372106934
01-11-2014 05:30,0.330480957
01-11-2014 06:00,0.381213379
01-11-2014 06:30,0.717993164
01-11-2014 07:00,0.740039063
01-11-2014 07:30,0.460839844
01-11-2014 08:00,0.414916992
01-11-2014 08:30,0.411181641
01-11-2014 09:00,0.38996582
01-11-2014 09:30,0.388720703
01-11-2014 10:00,0.352392578
01-11-2014 10:30,0.661303711
01-11-2014 11:00,0.721435547
01-11-2014 11:30,0.824658203
01-11-2014 12:00,2.18203125
01-11-2014 12:30,1.240942383
01-11-2014 13:00,1.549829102
01-11-2014 13:30,2.724951172
01-11-2014 14:00,2.3109375
01-11-2014 14:30,0.841357422
01-11-2014 15:00,0.502783203
01-11-2014 15:30,0.433508301
01-11-2014 16:00,0.383215332
01-11-2014 16:30,0.411560059
01-11-2014 17:00,0.619921875
01-11-2014 17:30,0.611645508
01-11-2014 18:00,0.981860352
01-11-2014 18:30,0.765551758
01-11-2014 19:00,0.832666016
01-11-2014 19:30,1.107373047
01-11-2014 20:00,0.889355469
01-11-2014 20:30,0.679248047
01-11-2014 21:00,0.751806641
01-11-2014 21:30,0.518676758
01-11-2014 22:00,0.835351563
01-11-2014 22:30,0.409448242
01-11-2014 23:00,0.494189453
01-11-2014 23:30,0.650854492
02-11-2014 00:00,0.412158203
02-11-2014 00:30,0.529394531
02-11-2014 01:00,0.541394043
02-11-2014 01:00,0.371704102
02-11-2014 01:30,0.321166992
02-11-2014 01:30,0.398486328
02-11-2014 02:00,0.346411133
02-11-2014 02:30,0.557824707
02-11-2014 03:00,0.419775391
02-11-2014 03:30,0.512854004
02-11-2014 04:00,0.456835938
02-11-2014 04:30,0.283007813
02-11-2014 05:00,0.40838623
02-11-2014 05:30,0.482751465
02-11-2014 06:00,0.407580566
02-11-2014 06:30,0.631054688
02-11-2014 07:00,0.691748047
02-11-2014 07:30,0.636572266
02-11-2014 08:00,0.51673584
02-11-2014 08:30,0.621582031
02-11-2014 09:00,0.796691895
02-11-2014 09:30,0.355908203
02-11-2014 10:00,0.325109863
02-11-2014 10:30,0.211010742
02-11-2014 11:00,0.319128418
02-11-2014 11:30,0.286462402
02-11-2014 12:00,0.342871094
02-11-2014 12:30,0.541796875
02-11-2014 13:00,0.593579102
02-11-2014 13:30,0.61394043
02-11-2014 14:00,0.474621582
02-11-2014 14:30,0.412011719
02-11-2014 15:00,0.541766357
02-11-2014 15:30,0.591748047
02-11-2014 16:00,0.348461914
02-11-2014 16:30,0.596704102
02-11-2014 17:00,0.542651367
02-11-2014 17:30,0.526171875
02-11-2014 18:00,0.487963867
02-11-2014 18:30,0.364587402
02-11-2014 19:00,0.701855469
02-11-2014 19:30,0.951953125
02-11-2014 20:00,0.747998047
02-11-2014 20:30,0.868530273
02-11-2014 21:00,0.472106934
02-11-2014 21:30,0.504748535
02-11-2014 22:00,0.785205078
02-11-2014 22:30,0.535668945
02-11-2014 23:00,0.453601074
02-11-2014 23:30,0.535400391
03-11-2014 00:00,0.479626465
03-11-2014 00:30,0.423986816
03-11-2014 01:00,0.361437988
03-11-2014 01:30,0.355981445
03-11-2014 02:00,0.412402344
03-11-2014 02:30,0.342138672
03-11-2014 03:00,0.451086426
03-11-2014 03:30,0.481335449
03-11-2014 04:00,0.463525391
03-11-2014 04:30,0.343493652
03-11-2014 05:00,0.452185059
03-11-2014 05:30,0.351049805
03-11-2014 06:00,0.609985352
03-11-2014 06:30,0.759619141
03-11-2014 07:00,0.738525391
03-11-2014 07:30,0.737451172
03-11-2014 08:00,0.710205078
03-11-2014 08:30,0.400488281
03-11-2014 09:00,0.711669922
03-11-2014 09:30,0.448486328
03-11-2014 10:00,0.429040527
03-11-2014 10:30,0.712597656
03-11-2014 11:00,0.33503418
03-11-2014 11:30,0.435046387
03-11-2014 12:00,0.767700195
03-11-2014 12:30,0.740710449
03-11-2014 13:00,0.870922852
03-11-2014 13:30,0.71763916
03-11-2014 14:00,0.816308594
03-11-2014 14:30,0.704089355
03-11-2014 15:00,0.748388672
03-11-2014 15:30,0.703430176
03-11-2014 16:00,0.580285645
03-11-2014 16:30,0.721777344
03-11-2014 17:00,0.683666992
03-11-2014 17:30,0.642089844
03-11-2014 18:00,1.27097168
03-11-2014 18:30,0.591650391
03-11-2014 19:00,0.496240234
03-11-2014 19:30,0.590356445
03-11-2014 20:00,0.592944336
03-11-2014 20:30,0.597338867
03-11-2014 21:00,0.736669922
03-11-2014 21:30,0.659375
03-11-2014 22:00,0.724414063
03-11-2014 22:30,0.662890625
03-11-2014 23:00,0.521582031
03-11-2014 23:30,0.527416992
04-11-2014 00:00,0.506689453
04-11-2014 00:30,0.438085938
04-11-2014 01:00,0.447094727
04-11-2014 01:30,0.34005127
04-11-2014 02:00,0.457543945
04-11-2014 02:30,0.411437988
04-11-2014 03:00,0.473999023
04-11-2014 03:30,0.424255371
04-11-2014 04:00,0.394116211
04-11-2014 04:30,0.414453125
04-11-2014 05:00,0.428417969
04-11-2014 05:30,0.513598633
04-11-2014 06:00,0.395471191
04-11-2014 06:30,0.786767578
04-11-2014 07:00,0.825830078
04-11-2014 07:30,0.78125
04-11-2014 08:00,0.54074707
04-11-2014 08:30,0.401806641
04-11-2014 09:00,0.40715332
04-11-2014 09:30,0.425415039
04-11-2014 10:00,0.560424805
04-11-2014 10:30,0.490209961
04-11-2014 11:00,0.444775391
04-11-2014 11:30,0.529589844
04-11-2014 12:00,0.503369141
04-11-2014 12:30,0.717919922
04-11-2014 13:00,0.72355957
04-11-2014 13:30,0.736328125
04-11-2014 14:00,0.511303711
04-11-2014 14:30,0.461083984
04-11-2014 15:00,0.507543945
04-11-2014 15:30,0.467919922
04-11-2014 16:00,0.472167969
04-11-2014 16:30,0.6875
04-11-2014 17:00,0.646899414
04-11-2014 17:30,0.742797852
04-11-2014 18:00,0.609741211
04-11-2014 18:30,0.49128418
04-11-2014 19:00,0.645849609
04-11-2014 19:30,0.43302002
04-11-2014 20:00,0.388562012
04-11-2014 20:30,0.459753418
04-11-2014 21:00,0.398706055
04-11-2014 21:30,0.633251953
04-11-2014 22:00,0.426599121
04-11-2014 22:30,0.46081543
04-11-2014 23:00,0.36776123
04-11-2014 23:30,0.522949219
05-11-2014 00:00,0.503173828
05-11-2014 00:30,0.429296875
05-11-2014 01:00,0.462646484
05-11-2014 01:30,0.405554199
05-11-2014 02:00,0.418261719
05-11-2014 02:30,0.411315918
05-11-2014 03:00,0.484716797
05-11-2014 03:30,0.383972168
05-11-2014 04:00,0.469299316
05-11-2014 04:30,0.388537598
05-11-2014 05:00,0.405895996
05-11-2014 05:30,0.629150391
05-11-2014 06:00,0.542370605
05-11-2014 06:30,0.738623047
05-11-2014 07:00,0.504858398
05-11-2014 07:30,0.826611328
05-11-2014 08:00,0.405187988
05-11-2014 08:30,1.000390625
05-11-2014 09:00,0.445117188
05-11-2014 09:30,0.43918457
05-11-2014 10:00,0.674902344
05-11-2014 10:30,0.370336914
05-11-2014 11:00,0.491015625
05-11-2014 11:30,0.512231445
05-11-2014 12:00,0.426379395
05-11-2014 12:30,0.414953613
05-11-2014 13:00,0.363659668
05-11-2014 13:30,0.472998047
05-11-2014 14:00,0.492260742
05-11-2014 14:30,0.42791748
05-11-2014 15:00,0.366491699
05-11-2014 15:30,0.504589844
05-11-2014 16:00,0.338928223
05-11-2014 16:30,0.473046875
05-11-2014 17:00,0.647070313
05-11-2014 17:30,0.737304688
05-11-2014 18:00,0.828173828
05-11-2014 18:30,0.479296875
05-11-2014 19:00,0.497753906
05-11-2014 19:30,0.475195313
05-11-2014 20:00,0.418188477
05-11-2014 20:30,0.733520508
05-11-2014 21:00,0.46171875
05-11-2014 21:30,0.684130859
05-11-2014 22:00,0.503930664
05-11-2014 22:30,0.384631348
05-11-2014 23:00,0.546044922
05-11-2014 23:30,0.512915039
06-11-2014 00:00,0.567895508
06-11-2014 00:30,0.460766602
06-11-2014 01:00,0.391809082
06-11-2014 01:30,0.467651367
06-11-2014 02:00,0.423608398
06-11-2014 02:30,0.370678711
06-11-2014 03:00,0.483886719
06-11-2014 03:30,0.407470703
06-11-2014 04:00,0.452563477
06-11-2014 04:30,0.389990234
06-11-2014 05:00,0.858056641
06-11-2014 05:30,0.650097656
06-11-2014 06:00,0.74753418
06-11-2014 06:30,0.877856445
06-11-2014 07:00,0.570458984
06-11-2014 07:30,0.540063477
06-11-2014 08:00,0.619970703
06-11-2014 08:30,0.378918457
06-11-2014 09:00,0.506567383
06-11-2014 09:30,0.437109375
06-11-2014 10:00,0.386035156
06-11-2014 10:30,0.463769531
06-11-2014 11:00,0.411474609
06-11-2014 11:30,0.468920898
06-11-2014 12:00,0.448217773
06-11-2014 12:30,0.396276855
06-11-2014 13:00,0.420532227
06-11-2014 13:30,0.431530762
06-11-2014 14:00,0.335510254
06-11-2014 14:30,0.326928711
06-11-2014 15:00,0.325805664
06-11-2014 15:30,0.41932373
06-11-2014 16:00,0.317468262
06-11-2014 16:30,0.482312012
06-11-2014 17:00,0.58347168
06-11-2014 17:30,0.48112793
06-11-2014 18:00,0.531542969
06-11-2014 18:30,1.031689453
06-11-2014 19:00,0.864794922
06-11-2014 19:30,1.005761719
06-11-2014 20:00,0.712792969
06-11-2014 20:30,1.110546875
06-11-2014 21:00,0.673242188
06-11-2014 21:30,1.072460938
06-11-2014 22:00,0.672875977
06-11-2014 22:30,0.563989258
06-11-2014 23:00,0.407226563
06-11-2014 23:30,0.343933105
07-11-2014 00:00,0.484765625
07-11-2014 00:30,0.406713867
07-11-2014 01:00,0.378662109
07-11-2014 01:30,0.428857422
07-11-2014 02:00,0.318371582
07-11-2014 02:30,0.442211914
07-11-2014 03:00,0.305517578
07-11-2014 03:30,0.265161133
07-11-2014 04:00,0.328027344
07-11-2014 04:30,0.261016846
07-11-2014 05:00,0.326464844
07-11-2014 05:30,0.253973389
07-11-2014 06:00,0.522631836
07-11-2014 06:30,0.742944336
07-11-2014 07:00,0.481036377
07-11-2014 07:30,0.513818359
07-11-2014 08:00,0.324841309
07-11-2014 08:30,0.35859375
07-11-2014 09:00,0.28605957
07-11-2014 09:30,0.295129395
07-11-2014 10:00,0.324926758
07-11-2014 10:30,0.418310547
07-11-2014 11:00,0.989648438
07-11-2014 11:30,0.396435547
07-11-2014 12:00,0.363720703
07-11-2014 12:30,0.327905273
07-11-2014 13:00,0.776782227
07-11-2014 13:30,0.741259766
07-11-2014 14:00,0.385192871
07-11-2014 14:30,0.377178955
07-11-2014 15:00,0.272766113
07-11-2014 15:30,0.287646484
07-11-2014 16:00,0.277148438
07-11-2014 16:30,0.302868652
07-11-2014 17:00,0.337719727
07-11-2014 17:30,0.33815918
07-11-2014 18:00,0.341064453
07-11-2014 18:30,0.471179199
07-11-2014 19:00,0.848095703
07-11-2014 19:30,0.735913086
07-11-2014 20:00,0.762304688
07-11-2014 20:30,0.776660156
07-11-2014 21:00,0.654248047
07-11-2014 21:30,0.848632813
07-11-2014 22:00,0.698583984
07-11-2014 22:30,0.733642578
07-11-2014 23:00,0.548486328
07-11-2014 23:30,0.264855957
08-11-2014 00:00,0.31907959
08-11-2014 00:30,0.308337402
08-11-2014 01:00,0.419995117
08-11-2014 01:30,0.292822266
08-11-2014 02:00,0.366430664
08-11-2014 02:30,0.434350586
08-11-2014 03:00,0.426672363
08-11-2014 03:30,0.450537109
08-11-2014 04:00,0.45
08-11-2014 04:30,0.360046387
08-11-2014 05:00,0.504858398
08-11-2014 05:30,0.344726563
08-11-2014 06:00,0.443579102
08-11-2014 06:30,0.622851563
08-11-2014 07:00,0.854199219
08-11-2014 07:30,0.755029297
08-11-2014 08:00,0.611474609
08-11-2014 08:30,0.490380859
08-11-2014 09:00,0.527026367
08-11-2014 09:30,0.663256836
08-11-2014 10:00,0.731884766
08-11-2014 10:30,0.377416992
08-11-2014 11:00,0.689135742
08-11-2014 11:30,0.479003906
08-11-2014 12:00,0.366833496
08-11-2014 12:30,0.42755127
08-11-2014 13:00,0.44119873
08-11-2014 13:30,0.353686523
08-11-2014 14:00,0.459057617
08-11-2014 14:30,0.787060547
08-11-2014 15:00,0.444128418
08-11-2014 15:30,0.360876465
08-11-2014 16:00,0.343261719
08-11-2014 16:30,0.758276367
08-11-2014 17:00,0.512670898
08-11-2014 17:30,0.500415039
08-11-2014 18:00,0.622949219
08-11-2014 18:30,0.405651855
08-11-2014 19:00,0.451831055
08-11-2014 19:30,0.405871582
08-11-2014 20:00,0.475939941
08-11-2014 20:30,0.455810547
08-11-2014 21:00,0.408325195
08-11-2014 21:30,0.490893555
08-11-2014 22:00,0.414697266
08-11-2014 22:30,0.655810547
08-11-2014 23:00,0.966992188
08-11-2014 23:30,0.630541992
09-11-2014 00:00,0.642382813
09-11-2014 00:30,0.536914063
09-11-2014 01:00,0.351464844
09-11-2014 01:30,0.361767578
09-11-2014 02:00,0.415478516
09-11-2014 02:30,0.368359375
09-11-2014 03:00,0.51295166
09-11-2014 03:30,0.400268555
09-11-2014 04:00,0.467687988
09-11-2014 04:30,0.324633789
09-11-2014 05:00,0.381506348
09-11-2014 05:30,0.39810791
09-11-2014 06:00,0.389208984
09-11-2014 06:30,0.656774902
09-11-2014 07:00,0.746484375
09-11-2014 07:30,0.747314453
09-11-2014 08:00,0.781640625
09-11-2014 08:30,0.618408203
09-11-2014 09:00,0.403210449
09-11-2014 09:30,0.363134766
09-11-2014 10:00,0.427990723
09-11-2014 10:30,0.561987305
09-11-2014 11:00,0.591259766
09-11-2014 11:30,0.427124023
09-11-2014 12:00,0.413525391
09-11-2014 12:30,0.601123047
09-11-2014 13:00,0.430029297
09-11-2014 13:30,0.402612305
09-11-2014 14:00,0.667749023
09-11-2014 14:30,0.440185547
09-11-2014 15:00,0.565795898
09-11-2014 15:30,0.451928711
09-11-2014 16:00,0.554760742
09-11-2014 16:30,0.715942383
09-11-2014 17:00,0.807568359
09-11-2014 17:30,0.546020508
09-11-2014 18:00,0.5203125
09-11-2014 18:30,1.110644531
09-11-2014 19:00,0.428710938
09-11-2014 19:30,0.461035156
09-11-2014 20:00,0.457312012
09-11-2014 20:30,0.383044434
09-11-2014 21:00,0.610742188
09-11-2014 21:30,0.453942871
09-11-2014 22:00,0.615844727
09-11-2014 22:30,0.702148438
09-11-2014 23:00,0.745898438
09-11-2014 23:30,0.666748047
10-11-2014 00:00,0.655981445
10-11-2014 00:30,0.698974609
10-11-2014 01:00,0.753662109
10-11-2014 01:30,0.680371094
10-11-2014 02:00,0.672924805
10-11-2014 02:30,0.408789063
10-11-2014 03:00,0.465698242
10-11-2014 03:30,0.440209961
10-11-2014 04:00,0.458203125
10-11-2014 04:30,0.461962891
10-11-2014 05:00,0.475878906
10-11-2014 05:30,0.439367676
10-11-2014 06:00,0.629174805
10-11-2014 06:30,0.962646484
10-11-2014 07:00,0.828857422
10-11-2014 07:30,0.549023438
10-11-2014 08:00,0.616870117
10-11-2014 08:30,0.415039063
10-11-2014 09:00,0.424853516
10-11-2014 09:30,0.345544434
10-11-2014 10:00,1.742675781
10-11-2014 10:30,1.272119141
10-11-2014 11:00,0.904418945
10-11-2014 11:30,1.394433594
10-11-2014 12:00,1.491699219
10-11-2014 12:30,1.064282227
10-11-2014 13:00,1.476513672
10-11-2014 13:30,2.405432129
10-11-2014 14:00,1.113500977
10-11-2014 14:30,2.272802734
10-11-2014 15:00,1.797436523
10-11-2014 15:30,0.562475586
10-11-2014 16:00,0.579125977
10-11-2014 16:30,0.780224609
10-11-2014 17:00,0.849707031
10-11-2014 17:30,0.653686523
10-11-2014 18:00,0.618212891
10-11-2014 18:30,1.260742188
10-11-2014 19:00,1.744335938
10-11-2014 19:30,1.917687988
10-11-2014 20:00,0.94453125
10-11-2014 20:30,1.272509766
10-11-2014 21:00,3.062060547
10-11-2014 21:30,1.506396484
10-11-2014 22:00,0.595654297
10-11-2014 22:30,0.680053711
10-11-2014 23:00,0.548583984
10-11-2014 23:30,0.75859375
11-11-2014 00:00,0.731225586
11-11-2014 00:30,0.510656738
11-11-2014 01:00,0.83762207
11-11-2014 01:30,0.335009766
11-11-2014 02:00,0.781494141
11-11-2014 02:30,0.783764648
11-11-2014 03:00,0.416967773
11-11-2014 03:30,0.796630859
11-11-2014 04:00,0.71472168
11-11-2014 04:30,0.445715332
11-11-2014 05:00,0.773779297
11-11-2014 05:30,0.427392578
11-11-2014 06:00,0.62409668
11-11-2014 06:30,0.876220703
11-11-2014 07:00,0.829736328
11-11-2014 07:30,0.783227539
11-11-2014 08:00,0.70703125
11-11-2014 08:30,0.842016602
11-11-2014 09:00,0.809277344
11-11-2014 09:30,0.392163086
11-11-2014 10:00,0.688452148
11-11-2014 10:30,1.047680664
11-11-2014 11:00,0.418994141
11-11-2014 11:30,1.08605957
11-11-2014 12:00,0.667993164
11-11-2014 12:30,0.39498291
11-11-2014 13:00,0.845556641
11-11-2014 13:30,0.57947998
11-11-2014 14:00,0.731884766
11-11-2014 14:30,0.857788086
11-11-2014 15:00,1.606494141
11-11-2014 15:30,0.9484375
11-11-2014 16:00,0.68840332
11-11-2014 16:30,0.985620117
11-11-2014 17:00,1.208984375
11-11-2014 17:30,0.579663086
11-11-2014 18:00,0.629052734
11-11-2014 18:30,0.577050781
11-11-2014 19:00,0.538549805
11-11-2014 19:30,0.468273926
11-11-2014 20:00,0.941601563
11-11-2014 20:30,0.476086426
11-11-2014 21:00,0.503222656
11-11-2014 21:30,0.586254883
11-11-2014 22:00,0.466589355
11-11-2014 22:30,0.559802246
11-11-2014 23:00,0.428759766
11-11-2014 23:30,0.584399414
12-11-2014 00:00,0.65871582
12-11-2014 00:30,1.622851563
12-11-2014 01:00,1.014501953
12-11-2014 01:30,1.566796875
12-11-2014 02:00,1.043798828
12-11-2014 02:30,0.769091797
12-11-2014 03:00,0.822290039
12-11-2014 03:30,0.577246094
12-11-2014 04:00,0.825646973
12-11-2014 04:30,0.899609375
12-11-2014 05:00,0.346594238
12-11-2014 05:30,1.021533203
12-11-2014 06:00,0.527233887
12-11-2014 06:30,0.680175781
12-11-2014 07:00,0.867333984
12-11-2014 07:30,0.524902344
12-11-2014 08:00,0.783227539
12-11-2014 08:30,0.68293457
12-11-2014 09:00,0.354455566
12-11-2014 09:30,0.867260742
12-11-2014 10:00,0.818603516
12-11-2014 10:30,0.754492188
12-11-2014 11:00,1.004980469
12-11-2014 11:30,0.566845703
12-11-2014 12:00,1.037939453
12-11-2014 12:30,0.714501953
12-11-2014 13:00,0.48527832
12-11-2014 13:30,0.95690918
12-11-2014 14:00,0.593432617
12-11-2014 14:30,0.98527832
12-11-2014 15:00,0.807519531
12-11-2014 15:30,0.530249023
12-11-2014 16:00,1.214404297
12-11-2014 16:30,0.904223633
12-11-2014 17:00,0.301757813
12-11-2014 17:30,0.820898438
12-11-2014 18:00,0.498571777
12-11-2014 18:30,0.676879883
12-11-2014 19:00,0.579663086
12-11-2014 19:30,0.668896484
12-11-2014 20:00,1.439306641
12-11-2014 20:30,1.403125
12-11-2014 21:00,0.982470703
12-11-2014 21:30,1.295947266
12-11-2014 22:00,1.498120117
12-11-2014 22:30,1.6015625
12-11-2014 23:00,0.577124023
12-11-2014 23:30,0.974316406
13-11-2014 00:00,0.540161133
13-11-2014 00:30,0.50546875
13-11-2014 01:00,0.377600098
13-11-2014 01:30,0.796533203
13-11-2014 02:00,0.504138184
13-11-2014 02:30,0.965063477
13-11-2014 03:00,0.778955078
13-11-2014 03:30,0.725537109
13-11-2014 04:00,0.995458984
13-11-2014 04:30,0.387194824
13-11-2014 05:00,0.919921875
13-11-2014 05:30,0.733007813
13-11-2014 06:00,0.635839844
13-11-2014 06:30,0.804003906
13-11-2014 07:00,0.625390625
13-11-2014 07:30,0.928833008
13-11-2014 08:00,0.577832031
13-11-2014 08:30,0.705407715
13-11-2014 09:00,0.855297852
13-11-2014 09:30,0.804077148
13-11-2014 10:00,0.971630859
13-11-2014 10:30,0.483325195
13-11-2014 11:00,0.793139648
13-11-2014 11:30,0.817773438
13-11-2014 12:00,0.395019531
13-11-2014 12:30,0.871533203
13-11-2014 13:00,0.353320313
13-11-2014 13:30,0.738806152
13-11-2014 14:00,0.904919434
13-11-2014 14:30,0.333984375
13-11-2014 15:00,1.085058594
13-11-2014 15:30,0.719091797
13-11-2014 16:00,0.712451172
13-11-2014 16:30,1.206884766
13-11-2014 17:00,0.670532227
13-11-2014 17:30,1.217138672
13-11-2014 18:00,0.657971191
13-11-2014 18:30,0.749438477
13-11-2014 19:00,0.672363281
13-11-2014 19:30,0.305200195
13-11-2014 20:00,0.613745117
13-11-2014 20:30,0.658813477
13-11-2014 21:00,0.551696777
13-11-2014 21:30,0.702734375
13-11-2014 22:00,0.565771484
13-11-2014 22:30,0.857421875
13-11-2014 23:00,0.515197754
13-11-2014 23:30,0.521887207
14-11-2014 00:00,0.599267578
14-11-2014 00:30,0.398583984
14-11-2014 01:00,0.638391113
14-11-2014 01:30,0.870898438
14-11-2014 02:00,0.407678223
14-11-2014 02:30,0.734692383
14-11-2014 03:00,0.834570313
14-11-2014 03:30,0.389916992
14-11-2014 04:00,0.747949219
14-11-2014 04:30,0.745532227
14-11-2014 05:00,0.790576172
14-11-2014 05:30,0.693212891
14-11-2014 06:00,0.647583008
14-11-2014 06:30,0.841748047
14-11-2014 07:00,0.955322266
14-11-2014 07:30,0.610595703
14-11-2014 08:00,0.854492188
14-11-2014 08:30,0.366784668
14-11-2014 09:00,0.676147461
14-11-2014 09:30,0.756835938
14-11-2014 10:00,0.678979492
14-11-2014 10:30,0.978295898
14-11-2014 11:00,0.786694336
14-11-2014 11:30,0.560778809
14-11-2014 12:00,0.986132813
14-11-2014 12:30,0.37322998
14-11-2014 13:00,0.754370117
14-11-2014 13:30,0.908935547
14-11-2014 14:00,0.993310547
14-11-2014 14:30,1.059130859
14-11-2014 15:00,0.734423828
14-11-2014 15:30,1.073583984
14-11-2014 16:00,0.774536133
14-11-2014 16:30,0.650292969
14-11-2014 17:00,0.671728516
14-11-2014 17:30,0.470825195
14-11-2014 18:00,0.702197266
14-11-2014 18:30,0.921948242
14-11-2014 19:00,0.674780273
14-11-2014 19:30,0.855102539
14-11-2014 20:00,0.651293945
14-11-2014 20:30,0.658203125
14-11-2014 21:00,0.673876953
14-11-2014 21:30,0.510205078
14-11-2014 22:00,0.600488281
14-11-2014 22:30,0.694091797
14-11-2014 23:00,0.554296875
14-11-2014 23:30,0.587255859
15-11-2014 00:00,0.671166992
15-11-2014 00:30,0.963427734
15-11-2014 01:00,0.52434082
15-11-2014 01:30,0.825634766
15-11-2014 02:00,0.86730957
15-11-2014 02:30,0.697363281
15-11-2014 03:00,0.886401367
15-11-2014 03:30,0.697363281
15-11-2014 04:00,0.990014648
15-11-2014 04:30,0.831982422
15-11-2014 05:00,0.647607422
15-11-2014 05:30,0.784570313
15-11-2014 06:00,0.488085938
15-11-2014 06:30,0.818310547
15-11-2014 07:00,0.622949219
15-11-2014 07:30,0.818994141
15-11-2014 08:00,0.645825195
15-11-2014 08:30,0.33581543
15-11-2014 09:00,0.834277344
15-11-2014 09:30,0.390234375
15-11-2014 10:00,0.793054199
15-11-2014 10:30,0.674963379
15-11-2014 11:00,0.711767578
15-11-2014 11:30,0.875732422
15-11-2014 12:00,0.524316406
15-11-2014 12:30,0.962939453
15-11-2014 13:00,0.698657227
15-11-2014 13:30,0.603198242
15-11-2014 14:00,0.767114258
15-11-2014 14:30,0.404077148
15-11-2014 15:00,0.947729492
15-11-2014 15:30,0.707055664
15-11-2014 16:00,0.473901367
15-11-2014 16:30,1.016308594
15-11-2014 17:00,0.733764648
15-11-2014 17:30,0.430517578
15-11-2014 18:00,0.634082031
15-11-2014 18:30,0.614453125
15-11-2014 19:00,1.190649414
15-11-2014 19:30,1.045507813
15-11-2014 20:00,0.894287109
15-11-2014 20:30,0.576000977
15-11-2014 21:00,0.983349609
15-11-2014 21:30,0.579589844
15-11-2014 22:00,0.634423828
15-11-2014 22:30,0.621337891
15-11-2014 23:00,0.488793945
15-11-2014 23:30,0.810595703
16-11-2014 00:00,0.451989746
16-11-2014 00:30,0.506640625
16-11-2014 01:00,0.582873535
16-11-2014 01:30,0.504321289
16-11-2014 02:00,0.870422363
16-11-2014 02:30,0.510546875
16-11-2014 03:00,0.952612305
16-11-2014 03:30,0.646679688
16-11-2014 04:00,0.733496094
16-11-2014 04:30,0.822827148
16-11-2014 05:00,0.493676758
16-11-2014 05:30,0.83371582
16-11-2014 06:00,0.667016602
16-11-2014 06:30,0.663427734
16-11-2014 07:00,0.783447266
16-11-2014 07:30,0.747851563
16-11-2014 08:00,0.801489258
16-11-2014 08:30,0.694433594
16-11-2014 09:00,0.561071777
16-11-2014 09:30,0.821704102
16-11-2014 10:00,0.522418213
16-11-2014 10:30,0.886987305
16-11-2014 11:00,2.725708008
16-11-2014 11:30,2.180834961
16-11-2014 12:00,1.813818359
16-11-2014 12:30,1.006933594
16-11-2014 13:00,2.089770508
16-11-2014 13:30,0.566772461
16-11-2014 14:00,0.922314453
16-11-2014 14:30,0.635223389
16-11-2014 15:00,0.670654297
16-11-2014 15:30,0.87142334
16-11-2014 16:00,0.34095459
16-11-2014 16:30,0.890625
16-11-2014 17:00,0.408068848
16-11-2014 17:30,0.519274902
16-11-2014 18:00,0.713745117
16-11-2014 18:30,0.455566406
16-11-2014 19:00,0.624829102
16-11-2014 19:30,0.833203125
16-11-2014 20:00,0.791699219
16-11-2014 20:30,0.636865234
16-11-2014 21:00,0.653076172
16-11-2014 21:30,0.623364258
16-11-2014 22:00,0.666186523
16-11-2014 22:30,0.567016602
16-11-2014 23:00,0.653100586
16-11-2014 23:30,0.426013184
17-11-2014 00:00,0.680053711
17-11-2014 00:30,0.502880859
17-11-2014 01:00,0.874291992
17-11-2014 01:30,0.917407227
17-11-2014 02:00,0.390112305
17-11-2014 02:30,0.874682617
17-11-2014 03:00,0.408984375
17-11-2014 03:30,0.844482422
17-11-2014 04:00,0.881201172
17-11-2014 04:30,0.872436523
17-11-2014 05:00,0.864355469
17-11-2014 05:30,0.385180664
17-11-2014 06:00,1.044873047
17-11-2014 06:30,0.808447266
17-11-2014 07:00,0.839611816
17-11-2014 07:30,0.894799805
17-11-2014 08:00,0.901098633
17-11-2014 08:30,0.792114258
17-11-2014 09:00,0.347045898
17-11-2014 09:30,0.81472168
17-11-2014 10:00,0.506481934
17-11-2014 10:30,0.728369141
17-11-2014 11:00,0.758068848
17-11-2014 11:30,0.506958008
17-11-2014 12:00,0.773535156
17-11-2014 12:30,0.345959473
17-11-2014 13:00,0.644433594
17-11-2014 13:30,0.835644531
17-11-2014 14:00,0.503466797
17-11-2014 14:30,0.972631836
17-11-2014 15:00,2.782128906
17-11-2014 15:30,1.511816406
17-11-2014 16:00,1.030688477
17-11-2014 16:30,0.875732422
17-11-2014 17:00,0.691650391
17-11-2014 17:30,0.781616211
17-11-2014 18:00,0.923876953
17-11-2014 18:30,1.017333984
17-11-2014 19:00,1.074267578
17-11-2014 19:30,0.856689453
17-11-2014 20:00,1.158129883
17-11-2014 20:30,0.772509766
17-11-2014 21:00,1.18671875
17-11-2014 21:30,0.727514648
17-11-2014 22:00,1.25234375
17-11-2014 22:30,0.766113281
17-11-2014 23:00,1.351904297
17-11-2014 23:30,0.979833984
18-11-2014 00:00,0.629760742
18-11-2014 00:30,0.605053711
18-11-2014 01:00,0.941967773
18-11-2014 01:30,0.642077637
18-11-2014 02:00,0.810473633
18-11-2014 02:30,1.048095703
18-11-2014 03:00,0.408483887
18-11-2014 03:30,0.953564453
18-11-2014 04:00,0.708203125
18-11-2014 04:30,0.346118164
18-11-2014 05:00,0.790234375
18-11-2014 05:30,0.391992188
18-11-2014 06:00,0.536474609
18-11-2014 06:30,0.760644531
18-11-2014 07:00,0.636206055
18-11-2014 07:30,0.760644531
18-11-2014 08:00,0.623999023
18-11-2014 08:30,0.513232422
18-11-2014 09:00,0.846582031
18-11-2014 09:30,0.328894043
18-11-2014 10:00,0.790087891
18-11-2014 10:30,0.458154297
18-11-2014 11:00,0.439099121
18-11-2014 11:30,0.781396484
18-11-2014 12:00,0.864282227
18-11-2014 12:30,0.848803711
18-11-2014 13:00,0.775195313
18-11-2014 13:30,0.413635254
18-11-2014 14:00,1.032299805
18-11-2014 14:30,1.093847656
18-11-2014 15:00,0.770751953
18-11-2014 15:30,0.713037109
18-11-2014 16:00,0.849047852
18-11-2014 16:30,0.895727539
18-11-2014 17:00,1.123388672
18-11-2014 17:30,0.731420898
18-11-2014 18:00,1.201269531
18-11-2014 18:30,1.08203125
18-11-2014 19:00,1.011303711
18-11-2014 19:30,0.795263672
18-11-2014 20:00,0.679492188
18-11-2014 20:30,0.715722656
18-11-2014 21:00,0.961132813
18-11-2014 21:30,0.552172852
18-11-2014 22:00,0.690185547
18-11-2014 22:30,0.587841797
18-11-2014 23:00,0.721655273
18-11-2014 23:30,0.776879883
19-11-2014 00:00,0.67947998
19-11-2014 00:30,0.654492188
19-11-2014 01:00,1.020214844
19-11-2014 01:30,0.976757813
19-11-2014 02:00,1.099487305
19-11-2014 02:30,0.835205078
19-11-2014 03:00,0.72355957
19-11-2014 03:30,0.922119141
19-11-2014 04:00,0.662011719
19-11-2014 04:30,0.941894531
19-11-2014 05:00,0.753149414
19-11-2014 05:30,0.905493164
19-11-2014 06:00,0.836230469
19-11-2014 06:30,0.759130859
19-11-2014 07:00,0.745385742
19-11-2014 07:30,0.598461914
19-11-2014 08:00,0.711132813
19-11-2014 08:30,0.705029297
19-11-2014 09:00,0.672827148
19-11-2014 09:30,0.734814453
19-11-2014 10:00,0.569677734
19-11-2014 10:30,0.692016602
19-11-2014 11:00,1.060131836
19-11-2014 11:30,1.208056641
19-11-2014 12:00,1.540063477
19-11-2014 12:30,1.956005859
19-11-2014 13:00,0.976574707
19-11-2014 13:30,1.074291992
19-11-2014 14:00,2.774755859
19-11-2014 14:30,1.353955078
19-11-2014 15:00,1.170361328
19-11-2014 15:30,1.120874023
19-11-2014 16:00,1.216711426
19-11-2014 16:30,0.738818359
19-11-2014 17:00,0.755175781
19-11-2014 17:30,0.685766602
19-11-2014 18:00,1.204443359
19-11-2014 18:30,1.112304688
19-11-2014 19:00,1.084521484
19-11-2014 19:30,1.449804688
19-11-2014 20:00,0.791503906
19-11-2014 20:30,1.396875
19-11-2014 21:00,0.969970703
19-11-2014 21:30,0.988574219
19-11-2014 22:00,0.908984375
19-11-2014 22:30,0.975976563
19-11-2014 23:00,0.902832031
19-11-2014 23:30,0.916455078
20-11-2014 00:00,0.920922852
20-11-2014 00:30,0.485656738
20-11-2014 01:00,0.85847168
20-11-2014 01:30,0.495983887
20-11-2014 02:00,0.914990234
20-11-2014 02:30,0.66126709
20-11-2014 03:00,0.475085449
20-11-2014 03:30,1.012011719
20-11-2014 04:00,0.605932617
20-11-2014 04:30,0.559155273
20-11-2014 05:00,0.778222656
20-11-2014 05:30,1.032348633
20-11-2014 06:00,0.956616211
20-11-2014 06:30,0.697021484
20-11-2014 07:00,0.744091797
20-11-2014 07:30,0.764526367
20-11-2014 08:00,0.704199219
20-11-2014 08:30,0.797949219
20-11-2014 09:00,0.602905273
20-11-2014 09:30,0.827368164
20-11-2014 10:00,0.761962891
20-11-2014 10:30,0.464648438
20-11-2014 11:00,0.634228516
20-11-2014 11:30,0.832519531
20-11-2014 12:00,0.381567383
20-11-2014 12:30,0.96159668
20-11-2014 13:00,0.709912109
20-11-2014 13:30,0.574682617
20-11-2014 14:00,0.999462891
20-11-2014 14:30,0.50715332
20-11-2014 15:00,1.102148438
20-11-2014 15:30,0.71237793
20-11-2014 16:00,0.679443359
20-11-2014 16:30,0.802026367
20-11-2014 17:00,0.512316895
20-11-2014 17:30,0.822558594
20-11-2014 18:00,0.805786133
20-11-2014 18:30,0.821801758
20-11-2014 19:00,0.933886719
20-11-2014 19:30,0.676416016
20-11-2014 20:00,0.845825195
20-11-2014 20:30,2.343847656
20-11-2014 21:00,1.257104492
20-11-2014 21:30,1.3109375
20-11-2014 22:00,0.697045898
20-11-2014 22:30,0.953027344
20-11-2014 23:00,0.672192383
20-11-2014 23:30,0.555297852
21-11-2014 00:00,0.52355957
21-11-2014 00:30,0.514208984
21-11-2014 01:00,0.479394531
21-11-2014 01:30,0.937915039
21-11-2014 02:00,0.914501953
21-11-2014 02:30,0.492602539
21-11-2014 03:00,0.948706055
21-11-2014 03:30,0.688037109
21-11-2014 04:00,0.43515625
21-11-2014 04:30,0.765966797
21-11-2014 05:00,0.499633789
21-11-2014 05:30,0.607592773
21-11-2014 06:00,1.145068359
21-11-2014 06:30,0.695703125
21-11-2014 07:00,0.697509766
21-11-2014 07:30,0.927416992
21-11-2014 08:00,0.378588867
21-11-2014 08:30,0.930761719
21-11-2014 09:00,0.627587891
21-11-2014 09:30,1.721142578
21-11-2014 10:00,1.145678711
21-11-2014 10:30,0.731665039
21-11-2014 11:00,0.805541992
21-11-2014 11:30,0.770751953
21-11-2014 12:00,0.720092773
21-11-2014 12:30,0.906884766
21-11-2014 13:00,0.501513672
21-11-2014 13:30,0.781921387
21-11-2014 14:00,0.755749512
21-11-2014 14:30,0.459570313
21-11-2014 15:00,0.875524902
21-11-2014 15:30,0.585424805
21-11-2014 16:00,0.533984375
21-11-2014 16:30,1.3984375
21-11-2014 17:00,0.707421875
21-11-2014 17:30,1.481640625
21-11-2014 18:00,0.578393555
21-11-2014 18:30,1.173632813
21-11-2014 19:00,1.253173828
21-11-2014 19:30,0.933984375
21-11-2014 20:00,0.911376953
21-11-2014 20:30,1.610986328
21-11-2014 21:00,1.204492188
21-11-2014 21:30,0.590869141
21-11-2014 22:00,1.015136719
21-11-2014 22:30,0.901318359
21-11-2014 23:00,0.819482422
21-11-2014 23:30,0.646618652
22-11-2014 00:00,0.619750977
22-11-2014 00:30,0.535437012
22-11-2014 01:00,0.756103516
22-11-2014 01:30,0.954003906
22-11-2014 02:00,0.530883789
22-11-2014 02:30,0.846582031
22-11-2014 03:00,0.60567627
22-11-2014 03:30,0.486645508
22-11-2014 04:00,0.783325195
22-11-2014 04:30,0.61809082
22-11-2014 05:00,0.514892578
22-11-2014 05:30,0.783325195
22-11-2014 06:00,0.662280273
22-11-2014 06:30,0.786328125
22-11-2014 07:00,0.85690918
22-11-2014 07:30,0.804394531
22-11-2014 08:00,0.813671875
22-11-2014 08:30,0.871069336
22-11-2014 09:00,0.479742432
22-11-2014 09:30,0.829858398
22-11-2014 10:00,0.724511719
22-11-2014 10:30,0.650732422
22-11-2014 11:00,0.918554688
22-11-2014 11:30,0.652416992
22-11-2014 12:00,0.8078125
22-11-2014 12:30,0.72409668
22-11-2014 13:00,0.676977539
22-11-2014 13:30,0.706616211
22-11-2014 14:00,0.656268311
22-11-2014 14:30,0.817944336
22-11-2014 15:00,0.920166016
22-11-2014 15:30,0.676171875
22-11-2014 16:00,1.003100586
22-11-2014 16:30,0.985333252
22-11-2014 17:00,0.791870117
22-11-2014 17:30,0.716186523
22-11-2014 18:00,0.414978027
22-11-2014 18:30,0.53059082
22-11-2014 19:00,0.591113281
22-11-2014 19:30,0.580078125
22-11-2014 20:00,0.733886719
22-11-2014 20:30,0.784008789
22-11-2014 21:00,1.18515625
22-11-2014 21:30,1.046582031
22-11-2014 22:00,0.916601563
22-11-2014 22:30,0.982226563
22-11-2014 23:00,0.424658203
22-11-2014 23:30,0.457128906
23-11-2014 00:00,0.525842285
23-11-2014 00:30,0.469384766
23-11-2014 01:00,0.801782227
23-11-2014 01:30,0.418969727
23-11-2014 02:00,0.986865234
23-11-2014 02:30,0.552844238
23-11-2014 03:00,0.461743164
23-11-2014 03:30,0.886401367
23-11-2014 04:00,0.494848633
23-11-2014 04:30,0.494995117
23-11-2014 05:00,0.819018555
23-11-2014 05:30,0.548364258
23-11-2014 06:00,0.447460938
23-11-2014 06:30,0.896728516
23-11-2014 07:00,0.771875
23-11-2014 07:30,0.763671875
23-11-2014 08:00,0.837719727
23-11-2014 08:30,0.782714844
23-11-2014 09:00,0.84440918
23-11-2014 09:30,0.696972656
23-11-2014 10:00,0.542077637
23-11-2014 10:30,1.022021484
23-11-2014 11:00,0.360791016
23-11-2014 11:30,0.862036133
23-11-2014 12:00,0.553186035
23-11-2014 12:30,0.638232422
23-11-2014 13:00,0.919946289
23-11-2014 13:30,0.518920898
23-11-2014 14:00,1.023828125
23-11-2014 14:30,1.048461914
23-11-2014 15:00,1.252026367
23-11-2014 15:30,2.684570313
23-11-2014 16:00,1.71784668
23-11-2014 16:30,1.080310059
23-11-2014 17:00,0.559765625
23-11-2014 17:30,0.382800293
23-11-2014 18:00,0.832739258
23-11-2014 18:30,0.733691406
23-11-2014 19:00,1.056591797
23-11-2014 19:30,2.595898438
23-11-2014 20:00,2.162158203
23-11-2014 20:30,1.296923828
23-11-2014 21:00,0.806152344
23-11-2014 21:30,1.020141602
23-11-2014 22:00,0.89934082
23-11-2014 22:30,1.252612305
23-11-2014 23:00,0.734472656
23-11-2014 23:30,0.550915527
24-11-2014 00:00,0.568481445
24-11-2014 00:30,0.57878418
24-11-2014 01:00,0.975537109
24-11-2014 01:30,0.690234375
24-11-2014 02:00,0.669274902
24-11-2014 02:30,0.987597656
24-11-2014 03:00,0.395837402
24-11-2014 03:30,0.900146484
24-11-2014 04:00,0.80065918
24-11-2014 04:30,0.433203125
24-11-2014 05:00,0.886352539
24-11-2014 05:30,0.451501465
24-11-2014 06:00,0.670947266
24-11-2014 06:30,0.891479492
24-11-2014 07:00,0.685717773
24-11-2014 07:30,0.750732422
24-11-2014 08:00,0.918066406
24-11-2014 08:30,0.746337891
24-11-2014 09:00,0.768725586
24-11-2014 09:30,0.333813477
24-11-2014 10:00,0.868920898
24-11-2014 10:30,0.880639648
24-11-2014 11:00,0.449279785
24-11-2014 11:30,0.969750977
24-11-2014 12:00,0.682202148
24-11-2014 12:30,0.269696045
24-11-2014 13:00,0.879833984
24-11-2014 13:30,0.278127035
24-11-2014 14:00,0.663775635
24-11-2014 14:30,0.728753662
24-11-2014 15:00,0.297688802
24-11-2014 15:30,0.840637207
24-11-2014 16:00,0.577339681
24-11-2014 16:30,0.580318197
24-11-2014 17:00,0.843981934
24-11-2014 17:30,0.397546387
24-11-2014 18:00,0.638562012
24-11-2014 18:30,1.00012207
24-11-2014 19:00,1.452075195
24-11-2014 19:30,2.65144043
24-11-2014 20:00,1.723388672
24-11-2014 20:30,1.529125977
24-11-2014 21:00,1.487939453
24-11-2014 21:30,1.293579102
24-11-2014 22:00,2.393115234
24-11-2014 22:30,1.301977539
24-11-2014 23:00,1.415014648
24-11-2014 23:30,1.688549805
25-11-2014 00:00,1.531933594
25-11-2014 00:30,1.349511719
25-11-2014 01:00,1.221484375
25-11-2014 01:30,0.947949219
25-11-2014 02:00,1.358984375
25-11-2014 02:30,1.467333984
25-11-2014 03:00,1.358984375
25-11-2014 03:30,1.165673828
25-11-2014 04:00,0.950854492
25-11-2014 04:30,1.140673828
25-11-2014 05:00,0.804370117
25-11-2014 05:30,1.172241211
25-11-2014 06:00,1.701269531
25-11-2014 06:30,2.06862793
25-11-2014 07:00,1.714379883
25-11-2014 07:30,0.755859375
25-11-2014 08:00,1.106640625
25-11-2014 08:30,1.493652344
25-11-2014 09:00,0.457080078
25-11-2014 09:30,1.264379883
25-11-2014 10:00,0.685388184
25-11-2014 10:30,0.620214844
25-11-2014 11:00,1.033642578
25-11-2014 11:30,0.470288086
25-11-2014 12:00,0.982006836
25-11-2014 12:30,0.806054688
25-11-2014 13:00,0.45456543
25-11-2014 13:30,0.865576172
25-11-2014 14:00,2.861523438
25-11-2014 14:30,1.792114258
25-11-2014 15:00,0.467877197
25-11-2014 15:30,0.947021484
25-11-2014 16:00,0.810083008
25-11-2014 16:30,0.667358398
25-11-2014 17:00,0.657446289
25-11-2014 17:30,0.563586426
25-11-2014 18:00,0.554125977
25-11-2014 18:30,0.605566406
25-11-2014 19:00,0.613842773
25-11-2014 19:30,0.897241211
25-11-2014 20:00,0.651489258
25-11-2014 20:30,0.58034668
25-11-2014 21:00,0.887451172
25-11-2014 21:30,0.485241699
25-11-2014 22:00,0.602270508
25-11-2014 22:30,0.514599609
25-11-2014 23:00,0.746850586
25-11-2014 23:30,0.673193359
26-11-2014 00:00,0.631689453
26-11-2014 00:30,0.508251953
26-11-2014 01:00,0.822607422
26-11-2014 01:30,0.831860352
26-11-2014 02:00,1.011816406
26-11-2014 02:30,0.553857422
26-11-2014 03:00,0.803808594
26-11-2014 03:30,0.7640625
26-11-2014 04:00,0.596411133
26-11-2014 04:30,0.88034668
26-11-2014 05:00,0.681567383
26-11-2014 05:30,0.776708984
26-11-2014 06:00,0.731445313
26-11-2014 06:30,0.658764648
26-11-2014 07:00,0.994238281
26-11-2014 07:30,0.664575195
26-11-2014 08:00,0.717773438
26-11-2014 08:30,0.987109375
26-11-2014 09:00,0.500610352
26-11-2014 09:30,1.107739258
26-11-2014 10:00,0.636340332
26-11-2014 10:30,0.351452637
26-11-2014 11:00,1.202880859
26-11-2014 11:30,0.436401367
26-11-2014 12:00,0.799536133
26-11-2014 12:30,1.095507813
26-11-2014 13:00,0.776660156
26-11-2014 13:30,1.065258789
26-11-2014 14:00,1.085229492
26-11-2014 14:30,1.114624023
26-11-2014 15:00,0.756982422
26-11-2014 15:30,1.4609375
26-11-2014 16:00,0.943847656
26-11-2014 16:30,0.683984375
26-11-2014 17:00,0.542944336
26-11-2014 17:30,0.604101563
26-11-2014 18:00,0.586914063
26-11-2014 18:30,0.654382324
26-11-2014 19:00,0.712133789
26-11-2014 19:30,0.707275391
26-11-2014 20:00,0.704150391
26-11-2014 20:30,0.730419922
26-11-2014 21:00,0.703088379
26-11-2014 21:30,0.660253906
26-11-2014 22:00,1.003295898
26-11-2014 22:30,1.120898438
26-11-2014 23:00,0.723242188
26-11-2014 23:30,0.552001953
27-11-2014 00:00,0.609423828
27-11-2014 00:30,0.561572266
27-11-2014 01:00,0.437011719
27-11-2014 01:30,0.561254883
27-11-2014 02:00,0.469702148
27-11-2014 02:30,0.40814209
27-11-2014 03:00,0.398620605
27-11-2014 03:30,0.379980469
27-11-2014 04:00,0.470703125
27-11-2014 04:30,0.502612305
27-11-2014 05:00,0.438586426
27-11-2014 05:30,0.435424805
27-11-2014 06:00,0.492016602
27-11-2014 06:30,0.840844727
27-11-2014 07:00,0.849072266
27-11-2014 07:30,0.836987305
27-11-2014 08:00,0.55625
27-11-2014 08:30,0.508349609
27-11-2014 09:00,0.717358398
27-11-2014 09:30,0.547436523
27-11-2014 10:00,0.563427734
27-11-2014 10:30,0.399560547
27-11-2014 11:00,0.63046875
27-11-2014 11:30,0.517041016
27-11-2014 12:00,1.193164063
27-11-2014 12:30,0.916381836
27-11-2014 13:00,0.47800293
27-11-2014 13:30,0.724780273
27-11-2014 14:00,0.587646484
27-11-2014 14:30,1.070458984
27-11-2014 15:00,0.720703125
27-11-2014 15:30,0.735986328
27-11-2014 16:00,1.096386719
27-11-2014 16:30,0.543408203
27-11-2014 17:00,0.685546875
27-11-2014 17:30,0.666137695
27-11-2014 18:00,0.629199219
27-11-2014 18:30,1.509619141
27-11-2014 19:00,1.314550781
27-11-2014 19:30,1.223498535
27-11-2014 20:00,0.802832031
27-11-2014 20:30,1.381005859
27-11-2014 21:00,0.952490234
27-11-2014 21:30,0.911523438
27-11-2014 22:00,0.741064453
27-11-2014 22:30,0.798339844
27-11-2014 23:00,0.785449219
27-11-2014 23:30,0.829663086
28-11-2014 00:00,0.554309082
28-11-2014 00:30,0.731640625
28-11-2014 01:00,0.731079102
28-11-2014 01:30,0.885095215
28-11-2014 02:00,0.819018555
28-11-2014 02:30,0.423913574
28-11-2014 03:00,0.992651367
28-11-2014 03:30,0.888452148
28-11-2014 04:00,0.867700195
28-11-2014 04:30,0.932006836
28-11-2014 05:00,0.455419922
28-11-2014 05:30,0.880981445
28-11-2014 06:00,0.751000977
28-11-2014 06:30,0.882446289
28-11-2014 07:00,0.786914063
28-11-2014 07:30,0.536132813
28-11-2014 08:00,1.042602539
28-11-2014 08:30,0.793603516
28-11-2014 09:00,0.468115234
28-11-2014 09:30,0.950854492
28-11-2014 10:00,0.488964844
28-11-2014 10:30,0.768115234
28-11-2014 11:00,1.157373047
28-11-2014 11:30,0.724438477
28-11-2014 12:00,1.071801758
28-11-2014 12:30,0.757128906
28-11-2014 13:00,0.766552734
28-11-2014 13:30,0.726000977
28-11-2014 14:00,0.634692383
28-11-2014 14:30,0.840380859
28-11-2014 15:00,0.887133789
28-11-2014 15:30,0.682641602
28-11-2014 16:00,1.38125
28-11-2014 16:30,1.346728516
28-11-2014 17:00,0.828051758
28-11-2014 17:30,0.774902344
28-11-2014 18:00,0.767236328
28-11-2014 18:30,0.918847656
28-11-2014 19:00,0.672021484
28-11-2014 19:30,0.854711914
28-11-2014 20:00,0.974755859
28-11-2014 20:30,1.050268555
28-11-2014 21:00,0.800585938
28-11-2014 21:30,1.202539063
28-11-2014 22:00,0.937280273
28-11-2014 22:30,0.706152344
28-11-2014 23:00,0.456030273
28-11-2014 23:30,0.598046875
29-11-2014 00:00,0.694848633
29-11-2014 00:30,0.804980469
29-11-2014 01:00,0.864233398
29-11-2014 01:30,0.840185547
29-11-2014 02:00,1.063891602
29-11-2014 02:30,0.857849121
29-11-2014 03:00,0.48112793
29-11-2014 03:30,1.045068359
29-11-2014 04:00,0.566308594
29-11-2014 04:30,0.908154297
29-11-2014 05:00,0.835205078
29-11-2014 05:30,0.544262695
29-11-2014 06:00,0.924047852
29-11-2014 06:30,0.752734375
29-11-2014 07:00,0.913110352
29-11-2014 07:30,0.754760742
29-11-2014 08:00,0.607397461
29-11-2014 08:30,0.90324707
29-11-2014 09:00,0.828759766
29-11-2014 09:30,0.435266113
29-11-2014 10:00,0.982666016
29-11-2014 10:30,0.777587891
29-11-2014 11:00,0.483349609
29-11-2014 11:30,0.687866211
29-11-2014 12:00,0.665869141
29-11-2014 12:30,0.784204102
29-11-2014 13:00,0.818554688
29-11-2014 13:30,0.853320313
29-11-2014 14:00,1.048535156
29-11-2014 14:30,0.761694336
29-11-2014 15:00,0.678466797
29-11-2014 15:30,0.986865234
29-11-2014 16:00,0.396203613
29-11-2014 16:30,0.975512695
29-11-2014 17:00,0.452441406
29-11-2014 17:30,0.673498535
29-11-2014 18:00,0.630541992
29-11-2014 18:30,0.53548584
29-11-2014 19:00,0.953710938
29-11-2014 19:30,1.222753906
29-11-2014 20:00,1.222753906
29-11-2014 20:30,1.020117188
29-11-2014 21:00,0.635986328
29-11-2014 21:30,0.787036133
29-11-2014 22:00,1.078710938
29-11-2014 22:30,0.5390625
29-11-2014 23:00,0.478076172
29-11-2014 23:30,0.635424805
30-11-2014 00:00,0.509985352
30-11-2014 00:30,0.558935547
30-11-2014 01:00,0.856738281
30-11-2014 01:30,0.52097168
30-11-2014 02:00,0.764440918
30-11-2014 02:30,0.593310547
30-11-2014 03:00,0.546777344
30-11-2014 03:30,0.944262695
30-11-2014 04:00,0.49362793
30-11-2014 04:30,0.509667969
30-11-2014 05:00,0.878173828
30-11-2014 05:30,0.435693359
30-11-2014 06:00,0.614306641
30-11-2014 06:30,0.830493164
30-11-2014 07:00,0.697167969
30-11-2014 07:30,0.749462891
30-11-2014 08:00,0.785253906
30-11-2014 08:30,0.559692383
30-11-2014 09:00,1.200634766
30-11-2014 09:30,0.57800293
30-11-2014 10:00,0.851489258
30-11-2014 10:30,0.746240234
30-11-2014 11:00,1.192016602
30-11-2014 11:30,1.948095703
30-11-2014 12:00,2.086376953
30-11-2014 12:30,2.537402344
30-11-2014 13:00,0.723413086
30-11-2014 13:30,0.842285156
30-11-2014 14:00,0.798364258
30-11-2014 14:30,0.798364258
30-11-2014 15:00,1.065820313
30-11-2014 15:30,0.738220215
30-11-2014 16:00,0.940405273
30-11-2014 16:30,0.448291016
30-11-2014 17:00,1.347412109
30-11-2014 17:30,1.128515625
30-11-2014 18:00,0.879077148
30-11-2014 18:30,0.993505859
30-11-2014 19:00,1.165283203
30-11-2014 19:30,0.757666016
30-11-2014 20:00,0.982714844
30-11-2014 20:30,0.636193848
30-11-2014 21:00,0.643237305
30-11-2014 21:30,0.683691406
30-11-2014 22:00,0.71171875
30-11-2014 22:30,0.559204102
30-11-2014 23:00,0.807836914
30-11-2014 23:30,0.782666016
01-12-2014 00:00,0.823071289
01-12-2014 00:30,0.522509766
01-12-2014 01:00,0.600415039
01-12-2014 01:30,1.045068359
01-12-2014 02:00,0.421350098
01-12-2014 02:30,1.064404297
01-12-2014 03:00,0.48762207
01-12-2014 03:30,0.863110352
01-12-2014 04:00,0.90534668
01-12-2014 04:30,0.961132813
01-12-2014 05:00,0.811987305
01-12-2014 05:30,0.767407227
01-12-2014 06:00,1.012548828
01-12-2014 06:30,0.792480469
01-12-2014 07:00,0.718188477
01-12-2014 07:30,0.628320313
01-12-2014 08:00,0.870703125
01-12-2014 08:30,0.683349609
01-12-2014 09:00,0.846484375
01-12-2014 09:30,0.778857422
01-12-2014 10:00,0.631323242
01-12-2014 10:30,1.026708984
01-12-2014 11:00,0.607421875
01-12-2014 11:30,0.727880859
01-12-2014 12:00,0.454394531
01-12-2014 12:30,1.046948242
01-12-2014 13:00,0.706652832
01-12-2014 13:30,0.719189453
01-12-2014 14:00,1.086328125
01-12-2014 14:30,0.751147461
01-12-2014 15:00,1.053442383
01-12-2014 15:30,0.377807617
01-12-2014 16:00,1.046411133
01-12-2014 16:30,0.710351563
01-12-2014 17:00,0.818847656
01-12-2014 17:30,0.925708008
01-12-2014 18:00,0.737097168
01-12-2014 18:30,0.782421875
01-12-2014 19:00,1.183105469
01-12-2014 19:30,0.99786377
01-12-2014 20:00,0.892358398
01-12-2014 20:30,1.04621582
01-12-2014 21:00,0.650524902
01-12-2014 21:30,0.838378906
01-12-2014 22:00,0.933618164
01-12-2014 22:30,0.481152344
01-12-2014 23:00,0.712695313
01-12-2014 23:30,0.667944336
02-12-2014 00:00,0.496191406
02-12-2014 00:30,0.570751953
02-12-2014 01:00,0.512158203
02-12-2014 01:30,0.935827637
02-12-2014 02:00,0.772583008
02-12-2014 02:30,0.502148438
02-12-2014 03:00,0.991845703
02-12-2014 03:30,0.502685547
02-12-2014 04:00,0.78659668
02-12-2014 04:30,0.77512207
02-12-2014 05:00,0.471484375
02-12-2014 05:30,0.919750977
02-12-2014 06:00,0.850732422
02-12-2014 06:30,0.936279297
02-12-2014 07:00,0.885791016
02-12-2014 07:30,0.833691406
02-12-2014 08:00,0.803613281
02-12-2014 08:30,0.588574219
02-12-2014 09:00,0.840966797
02-12-2014 09:30,0.802172852
02-12-2014 10:00,0.889038086
02-12-2014 10:30,0.86159668
02-12-2014 11:00,0.601245117
02-12-2014 11:30,1.051977539
02-12-2014 12:00,0.809814453
02-12-2014 12:30,1.052563477
02-12-2014 13:00,0.750097656
02-12-2014 13:30,1.365576172
02-12-2014 14:00,0.860339355
02-12-2014 14:30,0.731225586
02-12-2014 15:00,0.877832031
02-12-2014 15:30,0.905566406
02-12-2014 16:00,1.008837891
02-12-2014 16:30,0.908056641
02-12-2014 17:00,0.776464844
02-12-2014 17:30,0.838549805
02-12-2014 18:00,1.0421875
02-12-2014 18:30,0.745629883
02-12-2014 19:00,0.68605957
02-12-2014 19:30,0.61237793
02-12-2014 20:00,0.550170898
02-12-2014 20:30,0.749243164
02-12-2014 21:00,0.561608887
02-12-2014 21:30,0.760180664
02-12-2014 22:00,0.802661133
02-12-2014 22:30,1.031347656
02-12-2014 23:00,1.068408203
02-12-2014 23:30,0.518530273
03-12-2014 00:00,0.759521484
03-12-2014 00:30,0.523486328
03-12-2014 01:00,0.831713867
03-12-2014 01:30,0.700048828
03-12-2014 02:00,0.539550781
03-12-2014 02:30,0.866015625
03-12-2014 03:00,0.398852539
03-12-2014 03:30,0.854541016
03-12-2014 04:00,0.700720215
03-12-2014 04:30,0.338134766
03-12-2014 05:00,0.797998047
03-12-2014 05:30,0.408447266
03-12-2014 06:00,0.719555664
03-12-2014 06:30,0.807373047
03-12-2014 07:00,0.757568359
03-12-2014 07:30,0.854174805
03-12-2014 08:00,0.674487305
03-12-2014 08:30,0.749462891
03-12-2014 09:00,0.689404297
03-12-2014 09:30,0.396496582
03-12-2014 10:00,0.714379883
03-12-2014 10:30,0.588964844
03-12-2014 11:00,0.807006836
03-12-2014 11:30,0.787939453
03-12-2014 12:00,0.460705566
03-12-2014 12:30,0.777880859
03-12-2014 13:00,0.790185547
03-12-2014 13:30,0.738671875
03-12-2014 14:00,0.41920166
03-12-2014 14:30,0.874609375
03-12-2014 15:00,0.87800293
03-12-2014 15:30,0.756860352
03-12-2014 16:00,0.816796875
03-12-2014 16:30,0.658618164
03-12-2014 17:00,0.426269531
03-12-2014 17:30,0.859033203
03-12-2014 18:00,0.750415039
03-12-2014 18:30,0.673095703
03-12-2014 19:00,0.655615234
03-12-2014 19:30,0.964306641
03-12-2014 20:00,0.950195313
03-12-2014 20:30,0.705908203
03-12-2014 21:00,0.689306641
03-12-2014 21:30,0.612133789
03-12-2014 22:00,0.517700195
03-12-2014 22:30,0.401672363
03-12-2014 23:00,0.629858398
03-12-2014 23:30,0.527600098
04-12-2014 00:00,0.606994629
04-12-2014 00:30,0.602612305
04-12-2014 01:00,0.429528809
04-12-2014 01:30,0.986865234
04-12-2014 02:00,0.582287598
04-12-2014 02:30,0.753991699
04-12-2014 03:00,0.897265625
04-12-2014 03:30,0.404992676
04-12-2014 04:00,0.994067383
04-12-2014 04:30,0.573059082
04-12-2014 05:00,0.439489746
04-12-2014 05:30,0.677954102
04-12-2014 06:00,0.83137207
04-12-2014 06:30,0.987060547
04-12-2014 07:00,1.113378906
04-12-2014 07:30,0.69206543
04-12-2014 08:00,0.747851563
04-12-2014 08:30,1.035913086
04-12-2014 09:00,0.654858398
04-12-2014 09:30,0.767700195
04-12-2014 10:00,0.513769531
04-12-2014 10:30,1.043725586
04-12-2014 11:00,0.467773438
04-12-2014 11:30,0.787280273
04-12-2014 12:00,0.609594727
04-12-2014 12:30,0.763867188
04-12-2014 13:00,2.344433594
04-12-2014 13:30,1.800634766
04-12-2014 14:00,0.995507813
04-12-2014 14:30,0.55390625
04-12-2014 15:00,0.729589844
04-12-2014 15:30,0.839697266
04-12-2014 16:00,0.45345459
04-12-2014 16:30,1.060424805
04-12-2014 17:00,0.605126953
04-12-2014 17:30,1.474804688
04-12-2014 18:00,1.558691406
04-12-2014 18:30,1.078222656
04-12-2014 19:00,1.485888672
04-12-2014 19:30,0.595361328
04-12-2014 20:00,0.890039063
04-12-2014 20:30,0.604467773
04-12-2014 21:00,1.127001953
04-12-2014 21:30,0.618505859
04-12-2014 22:00,0.661816406
04-12-2014 22:30,0.848779297
04-12-2014 23:00,0.956494141
04-12-2014 23:30,0.869262695
05-12-2014 00:00,0.692700195
05-12-2014 00:30,0.405859375
05-12-2014 01:00,1.055859375
05-12-2014 01:30,0.440844727
05-12-2014 02:00,0.977124023
05-12-2014 02:30,0.788574219
05-12-2014 03:00,0.469165039
05-12-2014 03:30,0.910766602
05-12-2014 04:00,0.465917969
05-12-2014 04:30,0.794042969
05-12-2014 05:00,0.943847656
05-12-2014 05:30,0.610180664
05-12-2014 06:00,0.899365234
05-12-2014 06:30,1.028320313
05-12-2014 07:00,0.830175781
05-12-2014 07:30,0.877099609
05-12-2014 08:00,0.779589844
05-12-2014 08:30,0.953027344
05-12-2014 09:00,0.768115234
05-12-2014 09:30,0.777319336
05-12-2014 10:00,0.506958008
05-12-2014 10:30,0.792260742
05-12-2014 11:00,0.820532227
05-12-2014 11:30,0.574731445
05-12-2014 12:00,0.939746094
05-12-2014 12:30,0.430224609
05-12-2014 13:00,0.955786133
05-12-2014 13:30,0.800537109
05-12-2014 14:00,0.412194824
05-12-2014 14:30,0.873291016
05-12-2014 15:00,0.413537598
05-12-2014 15:30,1.025
05-12-2014 16:00,2.363671875
05-12-2014 16:30,1.122851563
05-12-2014 17:00,0.809594727
05-12-2014 17:30,0.833300781
05-12-2014 18:00,0.439685059
05-12-2014 18:30,0.669238281
05-12-2014 19:00,1.051611328
05-12-2014 19:30,0.560546875
05-12-2014 20:00,0.742871094
05-12-2014 20:30,0.643798828
05-12-2014 21:00,0.528881836
05-12-2014 21:30,0.717675781
05-12-2014 22:00,0.602539063
05-12-2014 22:30,0.777368164
05-12-2014 23:00,0.807641602
05-12-2014 23:30,0.598388672
06-12-2014 00:00,0.693408203
06-12-2014 00:30,0.51550293
06-12-2014 01:00,2.108007813
06-12-2014 01:30,1.167529297
06-12-2014 02:00,0.955908203
06-12-2014 02:30,0.826098633
06-12-2014 03:00,0.776708984
06-12-2014 03:30,0.602600098
06-12-2014 04:00,0.773706055
06-12-2014 04:30,0.785253906
06-12-2014 05:00,0.423779297
06-12-2014 05:30,0.863500977
06-12-2014 06:00,0.817993164
06-12-2014 06:30,0.893408203
06-12-2014 07:00,0.975048828
06-12-2014 07:30,0.731396484
06-12-2014 08:00,1.028710938
06-12-2014 08:30,0.760668945
06-12-2014 09:00,0.798510742
06-12-2014 09:30,0.79597168
06-12-2014 10:00,0.789746094
06-12-2014 10:30,1.263427734
06-12-2014 11:00,0.728955078
06-12-2014 11:30,0.795996094
06-12-2014 12:00,0.789672852
06-12-2014 12:30,0.798754883
06-12-2014 13:00,0.483410645
06-12-2014 13:30,0.816601563
06-12-2014 14:00,0.721069336
06-12-2014 14:30,0.505236816
06-12-2014 15:00,0.835595703
06-12-2014 15:30,0.364160156
06-12-2014 16:00,0.917480469
06-12-2014 16:30,0.917480469
06-12-2014 17:00,0.62208252
06-12-2014 17:30,0.678833008
06-12-2014 18:00,0.540332031
06-12-2014 18:30,0.605212402
06-12-2014 19:00,0.698681641
06-12-2014 19:30,0.575634766
06-12-2014 20:00,0.566784668
06-12-2014 20:30,0.758764648
06-12-2014 21:00,0.635620117
06-12-2014 21:30,0.647705078
06-12-2014 22:00,1.452783203
06-12-2014 22:30,1.076464844
06-12-2014 23:00,1.499560547
06-12-2014 23:30,0.561987305
07-12-2014 00:00,0.738659668
07-12-2014 00:30,0.745678711
07-12-2014 01:00,1.222705078
07-12-2014 01:30,0.708056641
07-12-2014 02:00,0.457141113
07-12-2014 02:30,0.867700195
07-12-2014 03:00,1.057446289
07-12-2014 03:30,1.192871094
07-12-2014 04:00,0.562902832
07-12-2014 04:30,0.944140625
07-12-2014 05:00,0.79473877
07-12-2014 05:30,0.534375
07-12-2014 06:00,0.752563477
07-12-2014 06:30,0.830078125
07-12-2014 07:00,0.808740234
07-12-2014 07:30,0.92265625
07-12-2014 08:00,0.514868164
07-12-2014 08:30,0.891992188
07-12-2014 09:00,0.809472656
07-12-2014 09:30,0.509130859
07-12-2014 10:00,0.971801758
07-12-2014 10:30,0.498193359
07-12-2014 11:00,0.618530273
07-12-2014 11:30,0.720751953
07-12-2014 12:00,0.493505859
07-12-2014 12:30,0.687866211
07-12-2014 13:00,1.026025391
07-12-2014 13:30,0.566479492
07-12-2014 14:00,0.60065918
07-12-2014 14:30,0.462158203
07-12-2014 15:00,0.884130859
07-12-2014 15:30,1.461914063
07-12-2014 16:00,0.847583008
07-12-2014 16:30,1.062084961
07-12-2014 17:00,1.491894531
07-12-2014 17:30,0.658178711
07-12-2014 18:00,1.056396484
07-12-2014 18:30,0.677185059
07-12-2014 19:00,1.381152344
07-12-2014 19:30,0.899804688
07-12-2014 20:00,1.143432617
07-12-2014 20:30,1.035571289
07-12-2014 21:00,1.264501953
07-12-2014 21:30,1.324951172
07-12-2014 22:00,1.324951172
07-12-2014 22:30,0.722363281
07-12-2014 23:00,0.69909668
07-12-2014 23:30,1.267285156
08-12-2014 00:00,0.616259766
08-12-2014 00:30,0.905395508
08-12-2014 01:00,0.489770508
08-12-2014 01:30,1.009863281
08-12-2014 02:00,0.684375
08-12-2014 02:30,0.867016602
08-12-2014 03:00,0.807788086
08-12-2014 03:30,0.613452148
08-12-2014 04:00,0.997363281
08-12-2014 04:30,0.505664063
08-12-2014 05:00,0.828393555
08-12-2014 05:30,0.725
08-12-2014 06:00,0.734765625
08-12-2014 06:30,0.839550781
08-12-2014 07:00,0.745458984
08-12-2014 07:30,0.789501953
08-12-2014 08:00,0.752001953
08-12-2014 08:30,0.791259766
08-12-2014 09:00,0.994970703
08-12-2014 09:30,0.781835938
08-12-2014 10:00,0.904589844
08-12-2014 10:30,0.559521484
08-12-2014 11:00,0.635522461
08-12-2014 11:30,0.7984375
08-12-2014 12:00,0.654394531
08-12-2014 12:30,0.673095703
08-12-2014 13:00,0.482421875
08-12-2014 13:30,0.740258789
08-12-2014 14:00,0.719628906
08-12-2014 14:30,0.950732422
08-12-2014 15:00,0.85078125
08-12-2014 15:30,0.682348633
08-12-2014 16:00,1.306738281
08-12-2014 16:30,0.971044922
08-12-2014 17:00,0.974121094
08-12-2014 17:30,1.012060547
08-12-2014 18:00,1.013964844
08-12-2014 18:30,0.914624023
08-12-2014 19:00,0.802441406
08-12-2014 19:30,0.863598633
08-12-2014 20:00,0.590185547
08-12-2014 20:30,0.601916504
08-12-2014 21:00,0.559570313
08-12-2014 21:30,0.755004883
08-12-2014 22:00,0.61652832
08-12-2014 22:30,0.482397461
08-12-2014 23:00,0.678796387
08-12-2014 23:30,0.654296875
09-12-2014 00:00,0.634204102
09-12-2014 00:30,0.542333984
09-12-2014 01:00,0.832617188
09-12-2014 01:30,0.929101563
09-12-2014 02:00,0.469433594
09-12-2014 02:30,0.802294922
09-12-2014 03:00,0.779541016
09-12-2014 03:30,0.475415039
09-12-2014 04:00,0.632299805
09-12-2014 04:30,0.870581055
09-12-2014 05:00,0.460253906
09-12-2014 05:30,0.631640625
09-12-2014 06:00,0.720068359
09-12-2014 06:30,0.760742188
09-12-2014 07:00,0.8140625
09-12-2014 07:30,1.171240234
09-12-2014 08:00,1.034375
09-12-2014 08:30,2.179296875
09-12-2014 09:00,2.794482422
09-12-2014 09:30,2.839013672
09-12-2014 10:00,2.579443359
09-12-2014 10:30,1.8546875
09-12-2014 11:00,0.923168945
09-12-2014 11:30,0.846679688
09-12-2014 12:00,0.703027344
09-12-2014 12:30,0.854443359
09-12-2014 13:00,0.957226563
09-12-2014 13:30,0.734619141
09-12-2014 14:00,0.827246094
09-12-2014 14:30,0.8859375
09-12-2014 15:00,0.801025391
09-12-2014 15:30,2.149951172
09-12-2014 16:00,1.808862305
09-12-2014 16:30,1.752392578
09-12-2014 17:00,0.765917969
09-12-2014 17:30,1.174902344
09-12-2014 18:00,0.855029297
09-12-2014 18:30,1.05
09-12-2014 19:00,0.654345703
09-12-2014 19:30,0.812524414
09-12-2014 20:00,0.871801758
09-12-2014 20:30,0.646228027
09-12-2014 21:00,0.876342773
09-12-2014 21:30,0.91953125
09-12-2014 22:00,0.776831055
09-12-2014 22:30,0.902392578
09-12-2014 23:00,0.859521484
09-12-2014 23:30,0.823950195
10-12-2014 00:00,0.69699707
10-12-2014 00:30,0.535839844
10-12-2014 01:00,0.829370117
10-12-2014 01:30,0.818554688
10-12-2014 02:00,0.840332031
10-12-2014 02:30,0.887744141
10-12-2014 03:00,0.665637207
10-12-2014 03:30,0.802636719
10-12-2014 04:00,0.785668945
10-12-2014 04:30,0.900646973
10-12-2014 05:00,0.82130127
10-12-2014 05:30,0.576123047
10-12-2014 06:00,0.750390625
10-12-2014 06:30,0.726074219
10-12-2014 07:00,0.776269531
10-12-2014 07:30,0.688671875
10-12-2014 08:00,0.754626465
10-12-2014 08:30,0.767871094
10-12-2014 09:00,0.911181641
10-12-2014 09:30,1.219140625
10-12-2014 10:00,0.548510742
10-12-2014 10:30,0.801635742
10-12-2014 11:00,0.953149414
10-12-2014 11:30,0.321679688
10-12-2014 12:00,0.953149414
10-12-2014 12:30,0.52923584
10-12-2014 13:00,0.708081055
10-12-2014 13:30,0.880444336
10-12-2014 14:00,0.328881836
10-12-2014 14:30,0.738085938
10-12-2014 15:00,0.986328125
10-12-2014 15:30,1.201367188
10-12-2014 16:00,1.156469727
10-12-2014 16:30,0.817016602
10-12-2014 17:00,2.336083984
10-12-2014 17:30,2.253173828
10-12-2014 18:00,2.302832031
10-12-2014 18:30,2.529003906
10-12-2014 19:00,1.891699219
10-12-2014 19:30,2.069970703
10-12-2014 20:00,1.9625
10-12-2014 20:30,1.9625
10-12-2014 21:00,2.360888672
10-12-2014 21:30,1.745507813
10-12-2014 22:00,2.362353516
10-12-2014 22:30,1.966552734
10-12-2014 23:00,1.041552734
10-12-2014 23:30,0.544091797
11-12-2014 00:00,0.649853516
11-12-2014 00:30,0.558398438
11-12-2014 01:00,0.764453125
11-12-2014 01:30,0.437060547
11-12-2014 02:00,0.949755859
11-12-2014 02:30,0.399951172
11-12-2014 03:00,0.715356445
11-12-2014 03:30,0.83269043
11-12-2014 04:00,0.422290039
11-12-2014 04:30,1.009667969
11-12-2014 05:00,0.741503906
11-12-2014 05:30,0.454760742
11-12-2014 06:00,0.864550781
11-12-2014 06:30,0.768261719
11-12-2014 07:00,0.74140625
11-12-2014 07:30,1.194091797
11-12-2014 08:00,1.003515625
11-12-2014 08:30,0.838623047
11-12-2014 09:00,1.085498047
11-12-2014 09:30,0.536425781
11-12-2014 10:00,0.668969727
11-12-2014 10:30,0.506567383
11-12-2014 11:00,0.641674805
11-12-2014 11:30,0.817382813
11-12-2014 12:00,0.328283691
11-12-2014 12:30,0.96940918
11-12-2014 13:00,0.464880371
11-12-2014 13:30,0.7890625
11-12-2014 14:00,0.975634766
11-12-2014 14:30,0.756933594
11-12-2014 15:00,1.920507813
11-12-2014 15:30,1.768359375
11-12-2014 16:00,2.656103516
11-12-2014 16:30,2.816943359
11-12-2014 17:00,2.404003906
11-12-2014 17:30,2.927880859
11-12-2014 18:00,2.045654297
11-12-2014 18:30,0.797436523
11-12-2014 19:00,0.919042969
11-12-2014 19:30,0.672607422
11-12-2014 20:00,0.702392578
11-12-2014 20:30,0.686962891
11-12-2014 21:00,0.554699707
11-12-2014 21:30,0.893188477
11-12-2014 22:00,0.746118164
11-12-2014 22:30,0.418884277
11-12-2014 23:00,0.531616211
11-12-2014 23:30,0.703588867
12-12-2014 00:00,0.674951172
12-12-2014 00:30,0.547412109
12-12-2014 01:00,1.148168945
12-12-2014 01:30,2.938525391
12-12-2014 02:00,3.054345703
12-12-2014 02:30,1.111767578
12-12-2014 03:00,0.787280273
12-12-2014 03:30,0.821777344
12-12-2014 04:00,0.893286133
12-12-2014 04:30,0.670996094
12-12-2014 05:00,1.038867188
12-12-2014 05:30,0.803662109
12-12-2014 06:00,0.654663086
12-12-2014 06:30,0.793286133
12-12-2014 07:00,0.65234375
12-12-2014 07:30,0.778686523
12-12-2014 08:00,0.774975586
12-12-2014 08:30,0.771777344
12-12-2014 09:00,0.842089844
12-12-2014 09:30,0.516308594
12-12-2014 10:00,0.674633789
12-12-2014 10:30,0.354541016
12-12-2014 11:00,0.914624023
12-12-2014 11:30,0.713476563
12-12-2014 12:00,0.490087891
12-12-2014 12:30,0.791162109
12-12-2014 13:00,0.538525391
12-12-2014 13:30,0.753686523
12-12-2014 14:00,0.792138672
12-12-2014 14:30,0.622802734
12-12-2014 15:00,0.84362793
12-12-2014 15:30,0.495141602
12-12-2014 16:00,0.726782227
12-12-2014 16:30,0.919287109
12-12-2014 17:00,0.591259766
12-12-2014 17:30,1.014160156
12-12-2014 18:00,0.970532227
12-12-2014 18:30,1.055859375
12-12-2014 19:00,0.901025391
12-12-2014 19:30,0.74597168
12-12-2014 20:00,0.697338867
12-12-2014 20:30,0.598144531
12-12-2014 21:00,0.611450195
12-12-2014 21:30,0.654199219
12-12-2014 22:00,0.588061523
12-12-2014 22:30,0.73815918
12-12-2014 23:00,0.661962891
12-12-2014 23:30,0.67890625
13-12-2014 00:00,0.520397949
13-12-2014 00:30,0.702685547
13-12-2014 01:00,0.673779297
13-12-2014 01:30,0.738085938
13-12-2014 02:00,0.778540039
13-12-2014 02:30,0.617944336
13-12-2014 03:00,0.925170898
13-12-2014 03:30,0.656347656
13-12-2014 04:00,0.866821289
13-12-2014 04:30,0.677905273
13-12-2014 05:00,0.496948242
13-12-2014 05:30,0.832788086
13-12-2014 06:00,0.718017578
13-12-2014 06:30,0.798217773
13-12-2014 07:00,0.736865234
13-12-2014 07:30,0.482543945
13-12-2014 08:00,0.716235352
13-12-2014 08:30,0.605297852
13-12-2014 09:00,0.794213867
13-12-2014 09:30,0.681713867
13-12-2014 10:00,0.893115234
13-12-2014 10:30,0.7765625
13-12-2014 11:00,0.779858398
13-12-2014 11:30,0.689770508
13-12-2014 12:00,0.607788086
13-12-2014 12:30,0.70690918
13-12-2014 13:00,0.815283203
13-12-2014 13:30,0.326538086
13-12-2014 14:00,0.761694336
13-12-2014 14:30,0.651367188
13-12-2014 15:00,0.899975586
13-12-2014 15:30,0.719384766
13-12-2014 16:00,0.569958496
13-12-2014 16:30,0.743139648
13-12-2014 17:00,0.606359863
13-12-2014 17:30,0.634033203
13-12-2014 18:00,0.82890625
13-12-2014 18:30,0.643115234
13-12-2014 19:00,0.660668945
13-12-2014 19:30,0.610009766
13-12-2014 20:00,0.610742188
13-12-2014 20:30,0.812133789
13-12-2014 21:00,0.788012695
13-12-2014 21:30,0.617993164
13-12-2014 22:00,0.688891602
13-12-2014 22:30,0.69519043
13-12-2014 23:00,0.698217773
13-12-2014 23:30,0.500646973
14-12-2014 00:00,0.526855469
14-12-2014 00:30,0.462329102
14-12-2014 01:00,0.769775391
14-12-2014 01:30,0.804760742
14-12-2014 02:00,0.362744141
14-12-2014 02:30,1.070214844
14-12-2014 03:00,0.486523438
14-12-2014 03:30,0.473010254
14-12-2014 04:00,0.876879883
14-12-2014 04:30,0.367016602
14-12-2014 05:00,0.362548828
14-12-2014 05:30,0.818798828
14-12-2014 06:00,0.757373047
14-12-2014 06:30,0.7390625
14-12-2014 07:00,0.79987793
14-12-2014 07:30,0.802539063
14-12-2014 08:00,0.800268555
14-12-2014 08:30,0.795532227
14-12-2014 09:00,0.889086914
14-12-2014 09:30,0.332861328
14-12-2014 10:00,0.951367188
14-12-2014 10:30,0.675488281
14-12-2014 11:00,0.728100586
14-12-2014 11:30,0.705371094
14-12-2014 12:00,0.308288574
14-12-2014 12:30,0.625341797
14-12-2014 13:00,0.625341797
14-12-2014 13:30,0.318029785
14-12-2014 14:00,1.0890625
14-12-2014 14:30,0.921630859
14-12-2014 15:00,0.761254883
14-12-2014 15:30,0.909887695
14-12-2014 16:00,0.575854492
14-12-2014 16:30,0.993847656
14-12-2014 17:00,0.526672363
14-12-2014 17:30,0.536523438
14-12-2014 18:00,0.600048828
14-12-2014 18:30,0.583435059
14-12-2014 19:00,0.845776367
14-12-2014 19:30,0.784838867
14-12-2014 20:00,0.767602539
14-12-2014 20:30,0.625610352
14-12-2014 21:00,0.640039063
14-12-2014 21:30,0.880981445
14-12-2014 22:00,0.707373047
14-12-2014 22:30,0.786035156
14-12-2014 23:00,0.529833984
14-12-2014 23:30,0.794335938
15-12-2014 00:00,0.810107422
15-12-2014 00:30,0.770568848
15-12-2014 01:00,0.789355469
15-12-2014 01:30,0.759130859
15-12-2014 02:00,0.715112305
15-12-2014 02:30,0.812744141
15-12-2014 03:00,0.726806641
15-12-2014 03:30,0.821337891
15-12-2014 04:00,0.854541016
15-12-2014 04:30,1.141186523
15-12-2014 05:00,1.113989258
15-12-2014 05:30,1.800537109
15-12-2014 06:00,0.581420898
15-12-2014 06:30,0.824536133
15-12-2014 07:00,0.724511719
15-12-2014 07:30,0.727856445
15-12-2014 08:00,0.752783203
15-12-2014 08:30,0.455200195
15-12-2014 09:00,0.695629883
15-12-2014 09:30,0.371679688
15-12-2014 10:00,0.717163086
15-12-2014 10:30,0.644677734
15-12-2014 11:00,0.503857422
15-12-2014 11:30,0.737866211
15-12-2014 12:00,0.518066406
15-12-2014 12:30,0.664697266
15-12-2014 13:00,0.787011719
15-12-2014 13:30,2.437255859
15-12-2014 14:00,1.467138672
15-12-2014 14:30,1.327905273
15-12-2014 15:00,1.805004883
15-12-2014 15:30,2.529736328
15-12-2014 16:00,1.785205078
15-12-2014 16:30,0.784643555
15-12-2014 17:00,1.771313477
15-12-2014 17:30,2.150561523
15-12-2014 18:00,1.293212891
15-12-2014 18:30,0.73190918
15-12-2014 19:00,1.655126953
15-12-2014 19:30,0.922729492
15-12-2014 20:00,1.31328125
15-12-2014 20:30,1.190002441
15-12-2014 21:00,1.320898438
15-12-2014 21:30,0.58112793
15-12-2014 22:00,0.577575684
15-12-2014 22:30,0.55480957
15-12-2014 23:00,0.525085449
15-12-2014 23:30,0.553442383
16-12-2014 00:00,0.527844238
16-12-2014 00:30,0.572802734
16-12-2014 01:00,0.621496582
16-12-2014 01:30,0.6859375
16-12-2014 02:00,0.810375977
16-12-2014 02:30,0.477807617
16-12-2014 03:00,0.805541992
16-12-2014 03:30,0.788427734
16-12-2014 04:00,0.480029297
16-12-2014 04:30,0.868847656
16-12-2014 05:00,0.460498047
16-12-2014 05:30,0.508422852
16-12-2014 06:00,0.746606445
16-12-2014 06:30,0.834863281
16-12-2014 07:00,0.837158203
16-12-2014 07:30,0.877270508
16-12-2014 08:00,0.746630859
16-12-2014 08:30,0.648852539
16-12-2014 09:00,0.813232422
16-12-2014 09:30,0.380371094
16-12-2014 10:00,0.716357422
16-12-2014 10:30,0.632568359
16-12-2014 11:00,0.830859375
16-12-2014 11:30,0.754516602
16-12-2014 12:00,0.613769531
16-12-2014 12:30,0.742919922
16-12-2014 13:00,0.702929688
16-12-2014 13:30,0.728808594
16-12-2014 14:00,0.574755859
16-12-2014 14:30,1.259277344
16-12-2014 15:00,0.809106445
16-12-2014 15:30,0.956494141
16-12-2014 16:00,0.963720703
16-12-2014 16:30,0.675439453
16-12-2014 17:00,0.753344727
16-12-2014 17:30,0.803540039
16-12-2014 18:00,0.66574707
16-12-2014 18:30,0.930566406
16-12-2014 19:00,0.571728516
16-12-2014 19:30,0.570507813
16-12-2014 20:00,0.821118164
16-12-2014 20:30,0.770239258
16-12-2014 21:00,0.686669922
16-12-2014 21:30,0.659838867
16-12-2014 22:00,1.178710938
16-12-2014 22:30,0.942919922
16-12-2014 23:00,0.84675293
16-12-2014 23:30,0.560266113
17-12-2014 00:00,0.615600586
17-12-2014 00:30,0.589355469
17-12-2014 01:00,0.778198242
17-12-2014 01:30,0.844848633
17-12-2014 02:00,0.948974609
17-12-2014 02:30,0.933618164
17-12-2014 03:00,0.749145508
17-12-2014 03:30,0.823657227
17-12-2014 04:00,0.84864502
17-12-2014 04:30,0.749145508
17-12-2014 05:00,0.788208008
17-12-2014 05:30,0.377075195
17-12-2014 06:00,0.79987793
17-12-2014 06:30,0.740893555
17-12-2014 07:00,0.779516602
17-12-2014 07:30,0.689892578
17-12-2014 08:00,0.770776367
17-12-2014 08:30,0.849462891
17-12-2014 09:00,0.677148438
17-12-2014 09:30,0.820922852
17-12-2014 10:00,0.292480469
17-12-2014 10:30,1.041845703
17-12-2014 11:00,0.49519043
17-12-2014 11:30,0.857470703
17-12-2014 12:00,0.565637207
17-12-2014 12:30,0.698815918
17-12-2014 13:00,0.686547852
17-12-2014 13:30,0.459912109
17-12-2014 14:00,0.846704102
17-12-2014 14:30,0.388745117
17-12-2014 15:00,0.846704102
17-12-2014 15:30,0.704443359
17-12-2014 16:00,0.815625
17-12-2014 16:30,0.554956055
17-12-2014 17:00,0.672436523
17-12-2014 17:30,1.454052734
17-12-2014 18:00,1.168383789
17-12-2014 18:30,0.974804688
17-12-2014 19:00,0.837939453
17-12-2014 19:30,0.654077148
17-12-2014 20:00,0.570922852
17-12-2014 20:30,0.622436523
17-12-2014 21:00,0.726977539
17-12-2014 21:30,0.726977539
17-12-2014 22:00,0.730151367
17-12-2014 22:30,0.546728516
17-12-2014 23:00,0.475048828
17-12-2014 23:30,0.516821289
18-12-2014 00:00,0.487866211
18-12-2014 00:30,0.484594727
18-12-2014 01:00,0.899780273
18-12-2014 01:30,0.342468262
18-12-2014 02:00,1.025097656
18-12-2014 02:30,0.336096191
18-12-2014 03:00,1.012890625
18-12-2014 03:30,0.36751709
18-12-2014 04:00,0.997875977
18-12-2014 04:30,0.381188965
18-12-2014 05:00,0.791723633
18-12-2014 05:30,0.784472656
18-12-2014 06:00,0.841552734
18-12-2014 06:30,0.875
18-12-2014 07:00,0.723046875
18-12-2014 07:30,0.777612305
18-12-2014 08:00,0.828076172
18-12-2014 08:30,1.070800781
18-12-2014 09:00,0.754003906
18-12-2014 09:30,0.790576172
18-12-2014 10:00,0.581970215
18-12-2014 10:30,0.500610352
18-12-2014 11:00,0.784667969
18-12-2014 11:30,0.319592285
18-12-2014 12:00,0.960742188
18-12-2014 12:30,0.535986328
18-12-2014 13:00,0.651965332
18-12-2014 13:30,0.830175781
18-12-2014 14:00,0.347094727
18-12-2014 14:30,0.909057617
18-12-2014 15:00,0.316052246
18-12-2014 15:30,0.63515625
18-12-2014 16:00,0.790527344
18-12-2014 16:30,0.777685547
18-12-2014 17:00,0.968701172
18-12-2014 17:30,0.99453125
18-12-2014 18:00,1.213452148
18-12-2014 18:30,0.908007813
18-12-2014 19:00,0.515136719
18-12-2014 19:30,0.793725586
18-12-2014 20:00,0.632250977
18-12-2014 20:30,0.759082031
18-12-2014 21:00,0.418847656
18-12-2014 21:30,0.429003906
18-12-2014 22:00,0.806591797
18-12-2014 22:30,0.786035156
18-12-2014 23:00,0.941308594
18-12-2014 23:30,0.690380859
19-12-2014 00:00,0.695751953
19-12-2014 00:30,0.580981445
19-12-2014 01:00,0.387683105
19-12-2014 01:30,0.862084961
19-12-2014 02:00,1.002587891
19-12-2014 02:30,0.838012695
19-12-2014 03:00,0.417163086
19-12-2014 03:30,0.966809082
19-12-2014 04:00,0.563500977
19-12-2014 04:30,0.689868164
19-12-2014 05:00,0.951123047
19-12-2014 05:30,0.662719727
19-12-2014 06:00,0.788232422
19-12-2014 06:30,0.750341797
19-12-2014 07:00,0.719458008
19-12-2014 07:30,0.764892578
19-12-2014 08:00,0.739013672
19-12-2014 08:30,0.772387695
19-12-2014 09:00,0.726464844
19-12-2014 09:30,0.740234375
19-12-2014 10:00,0.615161133
19-12-2014 10:30,0.793164063
19-12-2014 11:00,0.375024414
19-12-2014 11:30,0.831518555
19-12-2014 12:00,0.552404785
19-12-2014 12:30,0.75357666
19-12-2014 13:00,0.953857422
19-12-2014 13:30,0.467895508
19-12-2014 14:00,0.878100586
19-12-2014 14:30,1.181201172
19-12-2014 15:00,2.233789063
19-12-2014 15:30,1.654443359
19-12-2014 16:00,2.087158203
19-12-2014 16:30,2.035546875
19-12-2014 17:00,2.101611328
19-12-2014 17:30,3.000878906
19-12-2014 18:00,1.336621094
19-12-2014 18:30,2.176855469
19-12-2014 19:00,0.526953125
19-12-2014 19:30,1.079394531
19-12-2014 20:00,0.550854492
19-12-2014 20:30,0.951269531
19-12-2014 21:00,0.842285156
19-12-2014 21:30,1.027294922
19-12-2014 22:00,0.611767578
19-12-2014 22:30,0.855419922
19-12-2014 23:00,0.534643555
19-12-2014 23:30,0.758886719
20-12-2014 00:00,0.660961914
20-12-2014 00:30,0.648242188
20-12-2014 01:00,0.697607422
20-12-2014 01:30,0.854345703
20-12-2014 02:00,0.445471191
20-12-2014 02:30,0.35769043
20-12-2014 03:00,0.435461426
20-12-2014 03:30,0.55378418
20-12-2014 04:00,0.411669922
20-12-2014 04:30,0.423779297
20-12-2014 05:00,0.470874023
20-12-2014 05:30,0.517407227
20-12-2014 06:00,0.621435547
20-12-2014 06:30,0.847802734
20-12-2014 07:00,0.807080078
20-12-2014 07:30,0.7953125
20-12-2014 08:00,0.788647461
20-12-2014 08:30,0.848876953
20-12-2014 09:00,1.085253906
20-12-2014 09:30,0.865283203
20-12-2014 10:00,0.618432617
20-12-2014 10:30,0.623779297
20-12-2014 11:00,0.896948242
20-12-2014 11:30,1.230322266
20-12-2014 12:00,0.916894531
20-12-2014 12:30,1.967089844
20-12-2014 13:00,1.595776367
20-12-2014 13:30,0.68359375
20-12-2014 14:00,2.373193359
20-12-2014 14:30,2.455566406
20-12-2014 15:00,0.876196289
20-12-2014 15:30,0.537109375
20-12-2014 16:00,0.976855469
20-12-2014 16:30,0.511242676
20-12-2014 17:00,0.845507813
20-12-2014 17:30,0.575939941
20-12-2014 18:00,0.676879883
20-12-2014 18:30,0.523522949
20-12-2014 19:00,2.0546875
20-12-2014 19:30,0.917822266
20-12-2014 20:00,0.700854492
20-12-2014 20:30,0.606323242
20-12-2014 21:00,0.686914063
20-12-2014 21:30,0.868774414
20-12-2014 22:00,0.907397461
20-12-2014 22:30,0.857495117
20-12-2014 23:00,0.463903809
20-12-2014 23:30,0.500292969
21-12-2014 00:00,0.457470703
21-12-2014 00:30,0.578442383
21-12-2014 01:00,0.359082031
21-12-2014 01:30,0.588012695
21-12-2014 02:00,0.354406738
21-12-2014 02:30,0.407336426
21-12-2014 03:00,0.417626953
21-12-2014 03:30,0.350805664
21-12-2014 04:00,0.40892334
21-12-2014 04:30,0.316113281
21-12-2014 05:00,0.372253418
21-12-2014 05:30,0.413195801
21-12-2014 06:00,0.762036133
21-12-2014 06:30,0.833691406
21-12-2014 07:00,0.795507813
21-12-2014 07:30,0.767041016
21-12-2014 08:00,0.77043457
21-12-2014 08:30,0.859228516
21-12-2014 09:00,0.778295898
21-12-2014 09:30,0.859228516
21-12-2014 10:00,0.958300781
21-12-2014 10:30,0.714624023
21-12-2014 11:00,1.0265625
21-12-2014 11:30,0.472705078
21-12-2014 12:00,0.382983398
21-12-2014 12:30,0.385961914
21-12-2014 13:00,0.503564453
21-12-2014 13:30,0.740185547
21-12-2014 14:00,0.870507813
21-12-2014 14:30,0.88359375
21-12-2014 15:00,0.573193359
21-12-2014 15:30,0.825219727
21-12-2014 16:00,0.781933594
21-12-2014 16:30,0.719018555
21-12-2014 17:00,0.514208984
21-12-2014 17:30,0.781469727
21-12-2014 18:00,0.9609375
21-12-2014 18:30,1.03203125
21-12-2014 19:00,0.62857666
21-12-2014 19:30,0.855297852
21-12-2014 20:00,1.305273438
21-12-2014 20:30,0.641943359
21-12-2014 21:00,0.775561523
21-12-2014 21:30,0.760913086
21-12-2014 22:00,0.703393555
21-12-2014 22:30,0.700952148
21-12-2014 23:00,0.70222168
21-12-2014 23:30,0.555200195
22-12-2014 00:00,0.578027344
22-12-2014 00:30,0.509350586
22-12-2014 01:00,0.523071289
22-12-2014 01:30,0.403942871
22-12-2014 02:00,0.435473633
22-12-2014 02:30,0.406030273
22-12-2014 03:00,0.37064209
22-12-2014 03:30,0.531665039
22-12-2014 04:00,0.37064209
22-12-2014 04:30,0.453417969
22-12-2014 05:00,0.456982422
22-12-2014 05:30,0.359448242
22-12-2014 06:00,0.667333984
22-12-2014 06:30,0.862646484
22-12-2014 07:00,0.726660156
22-12-2014 07:30,0.729516602
22-12-2014 08:00,0.819189453
22-12-2014 08:30,0.682910156
22-12-2014 09:00,0.28371582
22-12-2014 09:30,0.441943359
22-12-2014 10:00,0.443115234
22-12-2014 10:30,0.357983398
22-12-2014 11:00,0.479821777
22-12-2014 11:30,0.376184082
22-12-2014 12:00,0.780273438
22-12-2014 12:30,0.954833984
22-12-2014 13:00,0.890136719
22-12-2014 13:30,0.926367188
22-12-2014 14:00,0.381713867
22-12-2014 14:30,0.626879883
22-12-2014 15:00,0.379528809
22-12-2014 15:30,0.618383789
22-12-2014 16:00,0.522094727
22-12-2014 16:30,0.984179688
22-12-2014 17:00,0.868554688
22-12-2014 17:30,0.803808594
22-12-2014 18:00,1.463818359
22-12-2014 18:30,0.945825195
22-12-2014 19:00,1.675830078
22-12-2014 19:30,2.075830078
22-12-2014 20:00,0.704882813
22-12-2014 20:30,2.662060547
22-12-2014 21:00,2.66796875
22-12-2014 21:30,0.748046875
22-12-2014 22:00,0.719555664
22-12-2014 22:30,0.470007324
22-12-2014 23:00,0.724316406
22-12-2014 23:30,0.719433594
23-12-2014 00:00,0.520129395
23-12-2014 00:30,0.596044922
23-12-2014 01:00,0.421032715
23-12-2014 01:30,0.378979492
23-12-2014 02:00,0.38260498
23-12-2014 02:30,0.369274902
23-12-2014 03:00,0.514172363
23-12-2014 03:30,0.419360352
23-12-2014 04:00,0.384716797
23-12-2014 04:30,0.355102539
23-12-2014 05:00,0.376550293
23-12-2014 05:30,0.444580078
23-12-2014 06:00,0.523120117
23-12-2014 06:30,0.83059082
23-12-2014 07:00,0.821923828
23-12-2014 07:30,0.779003906
23-12-2014 08:00,0.831445313
23-12-2014 08:30,0.607739258
23-12-2014 09:00,0.923852539
23-12-2014 09:30,0.361804199
23-12-2014 10:00,0.848828125
23-12-2014 10:30,0.643408203
23-12-2014 11:00,0.693554688
23-12-2014 11:30,0.429174805
23-12-2014 12:00,0.446313477
23-12-2014 12:30,0.36361084
23-12-2014 13:00,0.531835938
23-12-2014 13:30,0.932641602
23-12-2014 14:00,0.794848633
23-12-2014 14:30,0.536743164
23-12-2014 15:00,0.674951172
23-12-2014 15:30,0.570690918
23-12-2014 16:00,0.672753906
23-12-2014 16:30,0.625952148
23-12-2014 17:00,0.552172852
23-12-2014 17:30,0.742211914
23-12-2014 18:00,0.677905273
23-12-2014 18:30,0.961914063
23-12-2014 19:00,0.662890625
23-12-2014 19:30,0.660473633
23-12-2014 20:00,0.630102539
23-12-2014 20:30,0.943408203
23-12-2014 21:00,0.571728516
23-12-2014 21:30,0.789355469
23-12-2014 22:00,0.64498291
23-12-2014 22:30,0.590478516
23-12-2014 23:00,0.661791992
23-12-2014 23:30,0.563574219
24-12-2014 00:00,0.611328125
24-12-2014 00:30,0.517224121
24-12-2014 01:00,0.382177734
24-12-2014 01:30,0.546887207
24-12-2014 02:00,0.385327148
24-12-2014 02:30,0.428320313
24-12-2014 03:00,0.554321289
24-12-2014 03:30,0.366552734
24-12-2014 04:00,0.547924805
24-12-2014 04:30,0.396118164
24-12-2014 05:00,0.392993164
24-12-2014 05:30,0.578955078
24-12-2014 06:00,0.869140625
24-12-2014 06:30,0.887988281
24-12-2014 07:00,0.798266602
24-12-2014 07:30,0.763720703
24-12-2014 08:00,0.682714844
24-12-2014 08:30,0.851171875
24-12-2014 09:00,0.625390625
24-12-2014 09:30,0.629711914
24-12-2014 10:00,0.90234375
24-12-2014 10:30,0.478686523
24-12-2014 11:00,0.522851563
24-12-2014 11:30,0.548632813
24-12-2014 12:00,0.525012207
24-12-2014 12:30,0.597485352
24-12-2014 13:00,0.581481934
24-12-2014 13:30,0.557177734
24-12-2014 14:00,0.603491211
24-12-2014 14:30,0.562243652
24-12-2014 15:00,0.48145752
24-12-2014 15:30,0.457104492
24-12-2014 16:00,0.565515137
24-12-2014 16:30,0.748242188
24-12-2014 17:00,0.720678711
24-12-2014 17:30,0.992236328
24-12-2014 18:00,1.196191406
24-12-2014 18:30,0.584912109
24-12-2014 19:00,0.658203125
24-12-2014 19:30,0.770678711
24-12-2014 20:00,0.521411133
24-12-2014 20:30,0.90871582
24-12-2014 21:00,1.117382813
24-12-2014 21:30,1.254589844
24-12-2014 22:00,0.774829102
24-12-2014 22:30,0.801757813
24-12-2014 23:00,0.704321289
24-12-2014 23:30,1.472900391
25-12-2014 00:00,0.892700195
25-12-2014 00:30,0.924365234
25-12-2014 01:00,0.893774414
25-12-2014 01:30,0.805078125
25-12-2014 02:00,1.371777344
25-12-2014 02:30,0.647509766
25-12-2014 03:00,0.71472168
25-12-2014 03:30,1.179980469
25-12-2014 04:00,0.656079102
25-12-2014 04:30,0.669116211
25-12-2014 05:00,0.477783203
25-12-2014 05:30,0.49206543
25-12-2014 06:00,0.858837891
25-12-2014 06:30,0.759301758
25-12-2014 07:00,0.798901367
25-12-2014 07:30,0.745239258
25-12-2014 08:00,0.66237793
25-12-2014 08:30,0.345947266
25-12-2014 09:00,0.603881836
25-12-2014 09:30,0.704589844
25-12-2014 10:00,2.251171875
25-12-2014 10:30,1.269873047
25-12-2014 11:00,1.232470703
25-12-2014 11:30,1.963085938
25-12-2014 12:00,0.726879883
25-12-2014 12:30,1.223193359
25-12-2014 13:00,1.41171875
25-12-2014 13:30,0.725537109
25-12-2014 14:00,1.980664063
25-12-2014 14:30,1.545654297
25-12-2014 15:00,1.612646484
25-12-2014 15:30,0.915185547
25-12-2014 16:00,0.767529297
25-12-2014 16:30,1.084863281
25-12-2014 17:00,1.638378906
25-12-2014 17:30,1.476757813
25-12-2014 18:00,1.751855469
25-12-2014 18:30,1.408886719
25-12-2014 19:00,2.40546875
25-12-2014 19:30,1.682421875
25-12-2014 20:00,1.44921875
25-12-2014 20:30,1.516064453
25-12-2014 21:00,1.046337891
25-12-2014 21:30,1.414990234
25-12-2014 22:00,1.415917969
25-12-2014 22:30,0.751782227
25-12-2014 23:00,0.747509766
25-12-2014 23:30,0.591552734
26-12-2014 00:00,0.611181641
26-12-2014 00:30,0.675317383
26-12-2014 01:00,0.383911133
26-12-2014 01:30,0.302502441
26-12-2014 02:00,0.472021484
26-12-2014 02:30,0.306530762
26-12-2014 03:00,0.457177734
26-12-2014 03:30,0.420678711
26-12-2014 04:00,0.317553711
26-12-2014 04:30,0.367993164
26-12-2014 05:00,0.448486328
26-12-2014 05:30,0.29954834
26-12-2014 06:00,0.676696777
26-12-2014 06:30,0.805419922
26-12-2014 07:00,0.786035156
26-12-2014 07:30,0.727319336
26-12-2014 08:00,1.072412109
26-12-2014 08:30,0.819775391
26-12-2014 09:00,0.434301758
26-12-2014 09:30,1.021240234
26-12-2014 10:00,2.172314453
26-12-2014 10:30,1.891796875
26-12-2014 11:00,1.726464844
26-12-2014 11:30,2.362939453
26-12-2014 12:00,1.922851563
26-12-2014 12:30,2.189550781
26-12-2014 13:00,1.900830078
26-12-2014 13:30,1.562402344
26-12-2014 14:00,2.029663086
26-12-2014 14:30,0.781811523
26-12-2014 15:00,0.818457031
26-12-2014 15:30,0.658764648
26-12-2014 16:00,0.74375
26-12-2014 16:30,0.629248047
26-12-2014 17:00,0.544592285
26-12-2014 17:30,0.772070313
26-12-2014 18:00,0.923095703
26-12-2014 18:30,0.595666504
26-12-2014 19:00,0.759423828
26-12-2014 19:30,0.468701172
26-12-2014 20:00,0.787719727
26-12-2014 20:30,2.082714844
26-12-2014 21:00,2.029541016
26-12-2014 21:30,2.337158203
26-12-2014 22:00,2.166162109
26-12-2014 22:30,1.160009766
26-12-2014 23:00,1.310913086
26-12-2014 23:30,1.348779297
27-12-2014 00:00,1.821289063
27-12-2014 00:30,1.285107422
27-12-2014 01:00,1.201049805
27-12-2014 01:30,1.330761719
27-12-2014 02:00,1.228320313
27-12-2014 02:30,0.907714844
27-12-2014 03:00,1.391845703
27-12-2014 03:30,0.718457031
27-12-2014 04:00,1.265917969
27-12-2014 04:30,1.263525391
27-12-2014 05:00,0.787280273
27-12-2014 05:30,0.843041992
27-12-2014 06:00,1.031298828
27-12-2014 06:30,0.770336914
27-12-2014 07:00,0.79987793
27-12-2014 07:30,0.826269531
27-12-2014 08:00,0.812792969
27-12-2014 08:30,0.882836914
27-12-2014 09:00,0.654077148
27-12-2014 09:30,0.740673828
27-12-2014 10:00,0.993115234
27-12-2014 10:30,0.339599609
27-12-2014 11:00,0.995458984
27-12-2014 11:30,0.677246094
27-12-2014 12:00,0.534448242
27-12-2014 12:30,0.959399414
27-12-2014 13:00,0.403833008
27-12-2014 13:30,0.951367188
27-12-2014 14:00,0.865795898
27-12-2014 14:30,0.511254883
27-12-2014 15:00,1.000463867
27-12-2014 15:30,0.468066406
27-12-2014 16:00,0.545776367
27-12-2014 16:30,0.715307617
27-12-2014 17:00,0.595751953
27-12-2014 17:30,0.553930664
27-12-2014 18:00,0.974462891
27-12-2014 18:30,0.928027344
27-12-2014 19:00,0.93671875
27-12-2014 19:30,1.013232422
27-12-2014 20:00,0.64765625
27-12-2014 20:30,0.780200195
27-12-2014 21:00,0.865087891
27-12-2014 21:30,0.630981445
27-12-2014 22:00,0.852416992
27-12-2014 22:30,0.79152832
27-12-2014 23:00,0.667651367
27-12-2014 23:30,0.609814453
28-12-2014 00:00,0.491125488
28-12-2014 00:30,0.564379883
28-12-2014 01:00,0.578881836
28-12-2014 01:30,0.700708008
28-12-2014 02:00,1.064990234
28-12-2014 02:30,0.561474609
28-12-2014 03:00,1.340332031
28-12-2014 03:30,1.312207031
28-12-2014 04:00,1.153125
28-12-2014 04:30,1.617382813
28-12-2014 05:00,1.143212891
28-12-2014 05:30,1.553662109
28-12-2014 06:00,1.271044922
28-12-2014 06:30,1.925146484
28-12-2014 07:00,1.742041016
28-12-2014 07:30,1.709960938
28-12-2014 08:00,1.316796875
28-12-2014 08:30,1.534228516
28-12-2014 09:00,0.763208008
28-12-2014 09:30,1.202856445
28-12-2014 10:00,1.024072266
28-12-2014 10:30,0.924951172
28-12-2014 11:00,0.963256836
28-12-2014 11:30,0.95078125
28-12-2014 12:00,1.113330078
28-12-2014 12:30,0.970751953
28-12-2014 13:00,0.516381836
28-12-2014 13:30,1.05012207
28-12-2014 14:00,0.615917969
28-12-2014 14:30,0.744091797
28-12-2014 15:00,0.928710938
28-12-2014 15:30,0.618334961
28-12-2014 16:00,0.598071289
28-12-2014 16:30,0.516674805
28-12-2014 17:00,0.418139648
28-12-2014 17:30,1.026123047
28-12-2014 18:00,1.418408203
28-12-2014 18:30,1.476367188
28-12-2014 19:00,2.162548828
28-12-2014 19:30,1.784619141
28-12-2014 20:00,1.866699219
28-12-2014 20:30,1.616699219
28-12-2014 21:00,2.321582031
28-12-2014 21:30,1.392431641
28-12-2014 22:00,1.450195313
28-12-2014 22:30,0.891552734
28-12-2014 23:00,1.700830078
28-12-2014 23:30,1.241650391
29-12-2014 00:00,1.489526367
29-12-2014 00:30,1.311816406
29-12-2014 01:00,0.691503906
29-12-2014 01:30,1.500805664
29-12-2014 02:00,1.179833984
29-12-2014 02:30,0.915991211
29-12-2014 03:00,1.18996582
29-12-2014 03:30,0.638696289
29-12-2014 04:00,1.025317383
29-12-2014 04:30,0.85847168
29-12-2014 05:00,0.530847168
29-12-2014 05:30,0.871313477
29-12-2014 06:00,0.661621094
29-12-2014 06:30,0.781591797
29-12-2014 07:00,0.810375977
29-12-2014 07:30,0.973291016
29-12-2014 08:00,0.894580078
29-12-2014 08:30,0.797705078
29-12-2014 09:00,0.816601563
29-12-2014 09:30,0.791699219
29-12-2014 10:00,0.841625977
29-12-2014 10:30,0.720825195
29-12-2014 11:00,1.271704102
29-12-2014 11:30,0.579882813
29-12-2014 12:00,1.014941406
29-12-2014 12:30,0.797143555
29-12-2014 13:00,0.601538086
29-12-2014 13:30,1.463085938
29-12-2014 14:00,0.776538086
29-12-2014 14:30,0.607080078
29-12-2014 15:00,0.938305664
29-12-2014 15:30,0.768530273
29-12-2014 16:00,0.654956055
29-12-2014 16:30,1.112695313
29-12-2014 17:00,0.627294922
29-12-2014 17:30,0.777075195
29-12-2014 18:00,0.923803711
29-12-2014 18:30,0.73581543
29-12-2014 19:00,0.77277832
29-12-2014 19:30,1.332275391
29-12-2014 20:00,0.761743164
29-12-2014 20:30,0.629077148
29-12-2014 21:00,0.722875977
29-12-2014 21:30,0.788769531
29-12-2014 22:00,0.676708984
29-12-2014 22:30,0.797192383
29-12-2014 23:00,0.736791992
29-12-2014 23:30,0.70090332
30-12-2014 00:00,0.717773438
30-12-2014 00:30,0.571166992
30-12-2014 01:00,0.441442871
30-12-2014 01:30,0.89987793
30-12-2014 02:00,0.454528809
30-12-2014 02:30,0.641320801
30-12-2014 03:00,0.972094727
30-12-2014 03:30,0.50267334
30-12-2014 04:00,0.806213379
30-12-2014 04:30,0.771679688
30-12-2014 05:00,0.789990234
30-12-2014 05:30,1.929541016
30-12-2014 06:00,1.781298828
30-12-2014 06:30,1.97265625
30-12-2014 07:00,1.727734375
30-12-2014 07:30,2.023388672
30-12-2014 08:00,1.595214844
30-12-2014 08:30,0.863085938
30-12-2014 09:00,1.634692383
30-12-2014 09:30,1.771582031
30-12-2014 10:00,1.125463867
30-12-2014 10:30,1.125463867
30-12-2014 11:00,0.920117188
30-12-2014 11:30,1.28828125
30-12-2014 12:00,1.223730469
30-12-2014 12:30,1.049609375
30-12-2014 13:00,0.955126953
30-12-2014 13:30,0.859301758
30-12-2014 14:00,0.84230957
30-12-2014 14:30,0.868383789
30-12-2014 15:00,0.64675293
30-12-2014 15:30,1.179345703
30-12-2014 16:00,1.360253906
30-12-2014 16:30,1.905615234
30-12-2014 17:00,1.704785156
30-12-2014 17:30,1.875732422
30-12-2014 18:00,1.884375
30-12-2014 18:30,1.561083984
30-12-2014 19:00,1.748583984
30-12-2014 19:30,1.528808594
30-12-2014 20:00,2.0640625
30-12-2014 20:30,1.636108398
30-12-2014 21:00,1.119921875
30-12-2014 21:30,1.490429688
30-12-2014 22:00,1.342822266
30-12-2014 22:30,1.446142578
30-12-2014 23:00,0.933349609
30-12-2014 23:30,0.9953125
31-12-2014 00:00,0.586303711
31-12-2014 00:30,0.665966797
31-12-2014 01:00,0.991357422
31-12-2014 01:30,0.672338867
31-12-2014 02:00,0.889526367
31-12-2014 02:30,0.582299805
31-12-2014 03:00,0.815539551
31-12-2014 03:30,0.988378906
31-12-2014 04:00,0.713256836
31-12-2014 04:30,0.579663086
31-12-2014 05:00,0.945336914
31-12-2014 05:30,0.713818359
31-12-2014 06:00,0.77265625
31-12-2014 06:30,0.866235352
31-12-2014 07:00,0.696386719
31-12-2014 07:30,0.704882813
31-12-2014 08:00,0.890380859
31-12-2014 08:30,0.79831543
31-12-2014 09:00,0.721582031
31-12-2014 09:30,0.818554688
31-12-2014 10:00,0.389990234
31-12-2014 10:30,0.822241211
31-12-2014 11:00,0.597583008
31-12-2014 11:30,0.931738281
31-12-2014 12:00,1.071630859
31-12-2014 12:30,0.927441406
31-12-2014 13:00,0.72890625
31-12-2014 13:30,0.763476563
31-12-2014 14:00,0.719702148
31-12-2014 14:30,0.602636719
31-12-2014 15:00,0.960864258
31-12-2014 15:30,0.733251953
31-12-2014 16:00,1.287695313
31-12-2014 16:30,2.27890625
31-12-2014 17:00,2.35234375
31-12-2014 17:30,2.617138672
31-12-2014 18:00,2.238183594
31-12-2014 18:30,2.057617188
31-12-2014 19:00,1.493896484
31-12-2014 19:30,1.711572266
31-12-2014 20:00,0.938134766
31-12-2014 20:30,1.98125
31-12-2014 21:00,1.624511719
31-12-2014 21:30,1.401513672
31-12-2014 22:00,1.366113281
31-12-2014 22:30,1.186694336
31-12-2014 23:00,0.725732422
31-12-2014 23:30,1.16105957
